_databaseActionToApply,ConfigurationItemId,ProductId,Version,ObjectType,CreateDate,LastUpdateDate,ConfigurationData,MultiplicityGuid,Product
NoAction,1,1,1.0.0.0,BeyondTrust.BeyondInsight.Omniworker.Service.Configuration.OmniWorkerConfig,3/2/2020 5:47:13 PM,3/2/2020 6:51:07 PM,"<ConfigurationItem Caption="Omniworker Configuration" Required="False">
  <AllowedGroups>*</AllowedGroups>
  <QueueMonitors>
    <QueueMonitor Title="GeneralTasks Queue" AssemblyName="BeyondTrust.BeyondInsight.Omniworker.GeneralTaskQueue" ClassName="GeneralTaskQueueMonitor" Queue="GeneralTasks" Groups="*" />
    <QueueMonitor Title="EventForwarding Queue" AssemblyName="BeyondTrust.BeyondInsight.Omniworker.EventForwardingQueue" ClassName="EventForwardingTaskQueueMonitor" Queue="EventForwardingTasks" Groups="*" />
    <QueueMonitor Title="PS PurgeTask Queue" AssemblyName="BeyondTrust.BeyondInsight.Omniworker.PasswordSafe" ClassName="PurgeTasksQueueMonitor" Queue="psPurgeTasks" Groups="passwordsafe" />
    <QueueMonitor Title="PS NotificationTasks Queue" AssemblyName="BeyondTrust.BeyondInsight.Omniworker.PasswordSafe" ClassName="NotificationTasksQueueMonitor" Queue="psNotificationTasks" Groups="passwordsafe" />
    <QueueMonitor Title="PS TestTasks Queue" AssemblyName="BeyondTrust.BeyondInsight.Omniworker.PasswordSafe" ClassName="TestTasksQueueMonitor" Queue="psTestTasks" Groups="passwordsafe" />
    <QueueMonitor Title="PS ChangeTasks Queue" AssemblyName="BeyondTrust.BeyondInsight.Omniworker.PasswordSafe" ClassName="ChangeTasksQueueMonitor" Queue="psChangeTasks" Groups="passwordsafe" />
    <QueueMonitor Title="PS ChangePassword Queue" AssemblyName="BeyondTrust.BeyondInsight.Omniworker.PasswordSafe" ClassName="ChangePasswordQueueMonitor" Queue="psChangePassword" Groups="passwordsafe" />
    <QueueMonitor Title="PS TestPassword Queue" AssemblyName="BeyondTrust.BeyondInsight.Omniworker.PasswordSafe" ClassName="TestPasswordQueueMonitor" Queue="psTestPassword" Groups="passwordsafe" />
    <QueueMonitor Title="Asset SmartRule Processsing Queue" AssemblyName="BeyondTrust.BeyondInsight.Omniworker.SmartRuleQueue" ClassName="AssetSmartRuleQueueMonitor" Queue="AssetSmartRuleProcessing" Groups="smartruleprocessing" />
    <QueueMonitor Title="ManagedAccount SmartRule Processsing Queue" AssemblyName="BeyondTrust.BeyondInsight.Omniworker.SmartRuleQueue" ClassName="ManagedAccountSmartRuleQueueMonitor" Queue="ManagedAccountSmartRuleProcessing" Groups="smartruleprocessing" />
    <QueueMonitor Title="ManagedSystem SmartRule Processsing Queue" AssemblyName="BeyondTrust.BeyondInsight.Omniworker.SmartRuleQueue" ClassName="ManagedSystemSmartRuleQueueMonitor" Queue="ManagedSystemSmartRuleProcessing" Groups="smartruleprocessing" />
    <QueueMonitor Title="PolicyUser SmartRule Processsing Queue" AssemblyName="BeyondTrust.BeyondInsight.Omniworker.SmartRuleQueue" ClassName="PolicyUserSmartRuleQueueMonitor" Queue="PolicyUserSmartRuleProcessing" Groups="smartruleprocessing" />
    <QueueMonitor Title="Vulnerability SmartRule Processsing Queue" AssemblyName="BeyondTrust.BeyondInsight.Omniworker.SmartRuleQueue" ClassName="VulnerabilitySmartRuleQueueMonitor" Queue="VulnerabilitySmartRuleProcessing" Groups="smartruleprocessing" />
    <QueueMonitor Title="Check for SmartRule Processing Queue" AssemblyName="BeyondTrust.BeyondInsight.Omniworker.SmartRuleQueue" ClassName="SmartRuleFindForProcessingQueueMonitor" Queue="CheckForSmartRulesToProcess" Groups="smartruleprocessing" />
  </QueueMonitors>
  <RecurringMessages>
    <RecurringMessage Title="Queue Maintenance" Queue="GeneralTasks" AssemblyName="BeyondTrust.BeyondInsight.Omniworker.Messages" ClassName="QueueMaintenanceMessage" Groups="*" BaseTime="00:00" Frequency="2h" UseUtc="False" DaysOfWeek="mo,tu,we,th,fr,sa,su" />
    <RecurringMessage Title="Check for jobs to refresh" Queue="GeneralTasks" AssemblyName="BeyondTrust.BeyondInsight.Omniworker.Messages" ClassName="CheckForScanJobsThatNeedRefreshMessage" Groups="*" BaseTime="" Frequency="1m" UseUtc="False" DaysOfWeek="mo,tu,we,th,fr,sa,su" />
    <RecurringMessage Title="Check for scheduled Clarity Analytic calculation" Queue="GeneralTasks" AssemblyName="BeyondTrust.BeyondInsight.Omniworker.Messages" ClassName="ClarityAnalyticCalculationMessage" Groups="clarityanalytic" BaseTime="" Frequency="1m" UseUtc="False" DaysOfWeek="mo,tu,we,th,fr,sa,su" />
    <RecurringMessage Title="Event WebService Audit Refresh" Queue="GeneralTasks" AssemblyName="BeyondTrust.BeyondInsight.Omniworker.Messages" ClassName="CheckForEventWebServiceAuditsMessage" Groups="*" BaseTime="" Frequency="1h" UseUtc="False" DaysOfWeek="mo,tu,we,th,fr,sa,su" />
    <RecurringMessage Title="Miscellaneous Housekeeping" Queue="GeneralTasks" AssemblyName="BeyondTrust.BeyondInsight.Omniworker.Messages" ClassName="MiscellaneousHousekeepingMessage" Groups="*" BaseTime="" Frequency="1m" UseUtc="False" DaysOfWeek="mo,tu,we,th,fr,sa,su" />
    <RecurringMessage Title="Audit Install" Queue="GeneralTasks" AssemblyName="BeyondTrust.BeyondInsight.Omniworker.Messages" ClassName="AuditInstallMessage" Groups="*" BaseTime="" Frequency="5m" UseUtc="False" DaysOfWeek="mo,tu,we,th,fr,sa,su" />
    <RecurringMessage Title="Event Forwarding" Queue="EventForwardingTasks" AssemblyName="BeyondTrust.BeyondInsight.Omniworker.Messages" ClassName="CheckForNewEventsAndForwardToPluginMessage" Groups="*" BaseTime="" Frequency="30s" UseUtc="False" DaysOfWeek="mo,tu,we,th,fr,sa,su" />
    <RecurringMessage Title="PS Changes" Queue="psChangeTasks" AssemblyName="BeyondTrust.BeyondInsight.Omniworker.Messages" ClassName="ChangeTasksMessage" Groups="passwordsafe" BaseTime="" Frequency="15s" UseUtc="False" DaysOfWeek="mo,tu,we,th,fr,sa,su" />
    <RecurringMessage Title="PS Refresh scheduled tests" Queue="psTestTasks" AssemblyName="BeyondTrust.BeyondInsight.Omniworker.Messages" ClassName="RefreshScheduledTestsMessage" Groups="passwordsafe" BaseTime="" Frequency="1m" UseUtc="False" DaysOfWeek="mo,tu,we,th,fr,sa,su" />
    <RecurringMessage Title="PS Notifications" Queue="psNotificationTasks" AssemblyName="BeyondTrust.BeyondInsight.Omniworker.Messages" ClassName="NotificationTasksMessage" Groups="passwordsafe" BaseTime="" Frequency="1m" UseUtc="False" DaysOfWeek="mo,tu,we,th,fr,sa,su" />
    <RecurringMessage Title="PS Purging" Queue="psPurgeTasks" AssemblyName="BeyondTrust.BeyondInsight.Omniworker.Messages" ClassName="PurgeTasksMessage" Groups="passwordsafe" BaseTime="03:30" Frequency="1d" UseUtc="False" DaysOfWeek="mo,tu,we,th,fr,sa,su" />
    <RecurringMessage Title="PS Alerts Notifications" Queue="ScheduledAction" AssemblyName="BeyondTrust.BeyondInsight.Omniworker.PasswordSafe" ClassName="AlertsCumulativeNotification" Groups="passwordsafe" BaseTime="00:05" Frequency="1d" UseUtc="False" DaysOfWeek="mo,tu,we,th,fr,sa,su" />
    <RecurringMessage Title="Check for Smart Rule processing" Queue="CheckForSmartRulesToProcess" AssemblyName="BeyondTrust.BeyondInsight.Omniworker.SmartRuleQueue.Messages" ClassName="CheckForSmartRulesToProcessMessage" Groups="smartruleprocessing" BaseTime="" Frequency="2m" UseUtc="False" DaysOfWeek="mo,tu,we,th,fr,sa,su" />
    <RecurringMessage Title="Database Log Purging" Queue="GeneralTasks" AssemblyName="BeyondTrust.BeyondInsight.Omniworker.Messages" ClassName="DatabaseLogPurgeMessage" Groups="*" BaseTime="00:00" Frequency="1d" UseUtc="False" DaysOfWeek="mo,tu,we,th,fr,sa,su" />
  </RecurringMessages>
  <Settings MetaDataPurgeEnabled="True" MetaDataBatchSize="100000" MetaDataObjectThreshold="5000000" />
</ConfigurationItem>",ee24af9e-443d-4d75-9702-f2dce2fd88fd,
NoAction,2,1,1.0,BeyondTrust.Configuration.ProductConfigurations.GeneralConfigurations,3/2/2020 5:47:13 PM,2/19/2021 11:13:01 PM,<ConfigurationItem Caption="General Miscellaneous Settings" Required="True">
  <General VASchedulerIDReset="false" StripDotLocalFromDomainName="false" BenchmarkSyncLastVersion="7.1.0.331" DataTableProcessorBulkInsertCommandTimeoutSeconds="900" SmartRuleLogDumpingFreqMinutes="120" />
  <ScanSpecific RetinaEventImportTimeoutMinutes="0" CentralPolicyAlwaysSendAllItemsAudits="false" MarkAbortedEventsAndScans="false" />
  <TriggerFlags EventForwardingReloadLegacyConfigurations="false" AuditUpdateInProgress="0" />
  <Experimental DistributeTargetsV2MaxIpsInRangifyRange="1024" DistributeTargetsMaxIpsBeforeUsingV2="1048576" CreateRetinaScanPolicyOnNonExistence="false" EventServiceBlankPasswordsInXml="true" />
  <AuditInstall AuditSyncLastVersion="7.1.0.331" UseShippedAudits="true" ResyncStockAudits="true" PUSAuditUpdateCheckFrequencyMinutes="720" DownloadFromPusIfNotUsingShippedDatAudits="false" />
</ConfigurationItem>,00000000-0000-0000-0000-000000000000,
NoAction,3,1,1.0,BeyondTrust.Configuration.ProductConfigurations.BeyondSaasConfig,3/2/2020 5:47:13 PM,3/2/2020 5:47:13 PM,<ConfigurationItem Caption="BeyondSaas Settings" Required="True">
  <BeyondSaaS>
    <keys>
      <key value="7EE2EC2ABE9499E9147918FFFADE69D799505080" />
      <key value="F57B84CC7A3BA779BFBB27BEE53A39A217ECE67A" />
      <key value="205926F2D5EDA50448D2BD9FC12E50F39D9E0D76" />
      <key value="39a3b903edc838cdfb87ffc8226035dd0c6e9ca3" />
      <key value="3EE83CCDA2BB9C5D9810DDA3763A07D0922386B1" />
      <key value="E6CAE8BD8BB2F5F0BB9E3F1C80A3ABC7F14A911F" />
    </keys>
  </BeyondSaaS>
  <Settings MetaDataPurgeEnabled="True" MetaDataBatchSize="100000" MetaDataObjectThreshold="5000000" />
</ConfigurationItem>,00000000-0000-0000-0000-000000000000,
NoAction,4,1,1.0,BeyondTrust.Configuration.ProductConfigurations.MiscellaneousHousekeepingConfig,3/2/2020 5:47:13 PM,11/8/2021 9:58:00 PM,<ConfigurationItem Caption="MiscellaneousHousekeeping Settings" Required="True">
  <TriggerFlags RestartBIServices="false" LoggingTypeRequest="-1" />
</ConfigurationItem>,00000000-0000-0000-0000-000000000000,
NoAction,5,1,1.0,BeyondTrust.Configuration.ProductConfigurations.RoleConfiguration,3/2/2020 5:47:13 PM,2/19/2021 11:13:01 PM,<ConfigurationItem Caption="RoleConfiguration Settings" Required="True">
  <ConsoleRoles MachineName="BC-APSFL" ManagementConsole="false" Omniworker="true" RemCentralPolicy="true" EncryptionValidation="true" />
</ConfigurationItem>,ee24af9e-443d-4d75-9702-f2dce2fd88fd,
NoAction,6,1,1.0,BeyondTrust.Configuration.ProductConfigurations.ProductLabelConfig,3/2/2020 5:47:13 PM,2/19/2021 11:13:01 PM,<ConfigurationItem Caption="ProductLabel" Required="True">
  <ProductLabel IsProductWhiteLabel="false" ProductLabelGuid="" ProductLabelCode="RetinaCS" />
</ConfigurationItem>,00000000-0000-0000-0000-000000000000,
NoAction,8,1,1.0,BeyondTrust.Configuration.ProductConfigurations.Log4netConfig,3/2/2020 6:51:07 PM,9/24/2020 3:21:46 PM,"<log4net debug="false">
  <root>
    <level value="info" />
    <!--debug -> info -> warn -> error -> fatal -->
    <appender-ref ref="RollingLogFileAppender" />
  </root>
  <logger name="NHibernate">
    <level value="error" />
  </logger>
  <logger name="FluorineFx">
    <level value="error" />
  </logger>
  <appender name="RollingLogFileAppender" type="log4net.Appender.RollingFileAppender">
    <file value="" />
    <param name="LockingModel" type="log4net.Appender.FileAppender+MinimalLock" />
    <appendToFile value="true" />
    <rollingStyle value="Size" />
    <maxSizeRollBackups value="10" />
    <maximumFileSize value="1MB" />
    <staticLogFileName value="true" />
    <layout type="log4net.Layout.PatternLayout">
      <conversionPattern value="%date [%thread] %-5level %logger - %message %newline" />
    </layout>
  </appender>
  <!-- This logger if for logging all Central Policy message traffic, and storing it in a single file by itself. -->
  <logger name="CpMessageLogger" additivity="false">
    <appender-ref ref="CpMessagesRollingLogFileAppender" />
    <!-- WARNING!!! This will log all CP Message traffic, which WILL record credential passwords in PLAIN TEXT!
                        Turn CP Message Logging on by setting the level to "debug". Turn logging off by setting to "error". -->
    <level value="error" />
  </logger>
  <appender name="CpMessagesRollingLogFileAppender" type="log4net.Appender.RollingFileAppender">
    <file value="CentralPolicyMessages" />
    <param name="LockingModel" type="log4net.Appender.FileAppender+MinimalLock" />
    <appendToFile value="true" />
    <rollingStyle value="Size" />
    <maxSizeRollBackups value="5" />
    <maximumFileSize value="20MB" />
    <staticLogFileName value="true" />
    <layout type="log4net.Layout.PatternLayout">
      <conversionPattern value="%date [%thread] %-5level %logger - %message %newline" />
    </layout>
  </appender>
  <logger name="Analytic" additivity="false">
    <level value="info" />
    <appender-ref ref="AnalyticRollingLogFileAppender" />
  </logger>
  <appender name="AnalyticRollingLogFileAppender" type="log4net.Appender.RollingFileAppender">
    <file value="ClarityAnalytics" />
    <param name="LockingModel" type="log4net.Appender.FileAppender+MinimalLock" />
    <appendToFile value="true" />
    <rollingStyle value="Size" />
    <maxSizeRollBackups value="5" />
    <maximumFileSize value="1MB" />
    <staticLogFileName value="true" />
    <layout type="log4net.Layout.PatternLayout">
      <conversionPattern value="%date [%thread] %-5level %logger - %message %newline" />
    </layout>
  </appender>
  <logger name="PMMLog" additivity="false">
    <level value="info" />
    <appender-ref ref="PMMRollingLogFileAppender" />
  </logger>
  <appender name="PMMRollingLogFileAppender" type="log4net.Appender.RollingFileAppender">
    <file value="PMMLog" />
    <param name="LockingModel" type="log4net.Appender.FileAppender+MinimalLock" />
    <appendToFile value="true" />
    <rollingStyle value="Size" />
    <maxSizeRollBackups value="10" />
    <maximumFileSize value="10MB" />
    <staticLogFileName value="true" />
    <layout type="log4net.Layout.PatternLayout">
      <conversionPattern value="%date [%thread] %-5level %logger - %message %newline" />
    </layout>
  </appender>
</log4net>",00000000-0000-0000-0000-000000000000,
NoAction,9,1,1.0,BeyondTrust.Configuration.ProductConfigurations.ConsoleValidation,3/2/2020 6:51:07 PM,10/20/2020 3:13:06 PM,<ConfigurationItem Caption="ConsoleValidation" Required="True">
  <ConsoleSpecifics MainConsoleUniqueID="40a98ee5-1fd4-4176-bcfb-96f805076357" MainConsoleSerial="ZDSSB-8TR7Z-K4MUH-2DE4X-D43JD-SZ8KD" EncryptionValidation="4sm4NaOpmtAEj8/ZhguJ5OBle/5HRiwq3b0cPCS2huANeL+5kaqgKFjhd1Vzh9XIk2WyMefGFn2f1nynEbJtCA==" />
  <Settings MetaDataPurgeEnabled="True" MetaDataBatchSize="100000" MetaDataObjectThreshold="5000000" />
</ConfigurationItem>,00000000-0000-0000-0000-000000000000,
NoAction,10,1,1.0,BeyondInsight.AssetMatching.AssetMatchingConfiguration,3/2/2020 6:51:07 PM,3/2/2020 6:51:07 PM,<ConfigurationItem Caption="Asset Matching Settings" Required="False">
  <AssetMatchingSettings AssetMatchOption="3" AssetNamingOption="1" />
  <Settings MetaDataPurgeEnabled="True" MetaDataBatchSize="100000" MetaDataObjectThreshold="5000000" />
</ConfigurationItem>,00000000-0000-0000-0000-000000000000,
NoAction,11,1,1.0,BeyondTrust.Configuration.ProductConfigurations.EventForwardingConfig,3/2/2020 6:51:12 PM,3/2/2020 6:51:12 PM,<ConfigurationItem Caption="Event Forwarding Settings" Required="True">
  <OmniQueueSettings NormalPollingFreqeuencySec="30" SlowPollingFrequencyMin="1" IdleThresholdMin="10" ShortInvisibilityTimeSec="30" MaximumActiveTasks="8" MaximumCpuUtilization="90" MinimumAvailableMemoryInMb="100" AllowMultipleThreads="true" EventForwardingTestMode="false" ApproxMaxRowsPerBatch="200000" MinTimeChunkMinutes="5" />
  <Settings MetaDataPurgeEnabled="True" MetaDataBatchSize="100000" MetaDataObjectThreshold="5000000" />
</ConfigurationItem>,00000000-0000-0000-0000-000000000000,
NoAction,12,1,1.0,BeyondTrust.Configuration.ProductConfigurations.ESMEventForwardingConfig,3/2/2020 6:52:12 PM,3/2/2020 6:52:12 PM,<ConfigurationItem Caption="ESMEventForwarding Settings" Required="True">
  <ESMEventForwarding EventType="" ChunkTimeMinutes="5" LastUpdateTime="2020-03-02 18:52:12Z" MillisecBetweenEventForwards="10" CommandTimeoutSeconds="900" />
  <Settings MetaDataPurgeEnabled="True" MetaDataBatchSize="100000" MetaDataObjectThreshold="5000000" />
</ConfigurationItem>,c9678f76-c72a-4d63-b1a9-db2833f65152,
NoAction,13,1,1.0,BeyondTrust.Configuration.ProductConfigurations.PurgeConfig,3/2/2020 6:56:35 PM,3/2/2020 6:56:35 PM,<ConfigurationItem Caption="Purge Settings" Required="True">
  <TimeRelated PurgeWindowSeconds="7200" />
  <Flags IndexMaintenceEnabled="false" PurgeManagedAssets="false" StatsMaintenceEnabled="true" BatchPurgeEnabled="false" LoopPurgeEnabled="true" AllowCreateStartStopJobViaPurgeHandlerToRun="false" AttemptPurgeOfMarkedForDeletionAssets="false" CurrentlyInPurgeWindow="false" />
  <Settings MetaDataPurgeEnabled="True" MetaDataBatchSize="100000" MetaDataObjectThreshold="5000000" />
</ConfigurationItem>,00000000-0000-0000-0000-000000000000,
NoAction,14,1,1.0,BeyondTrust.Configuration.ProductConfigurations.RetinaImportConfig,3/2/2020 6:56:35 PM,3/2/2020 6:56:35 PM,<ConfigurationItem Caption="RetinaImportConfig Settings" Required="True">
  <RetinaImport RetinaImportVersion="2" RetinaImportInitiatePurgeShutdownInMilliseconds="300000" RetinaImportMaxNumberOfScansToProcessInBatch="100" RetinaImportTimeoutDays="7" RetinaImportNotScannedTargets="true" RetinaImportTimeBeforeWindDownMinutes="2" ContainerBucketAssetName="DockerContainerBucket" />
  <InterleavePurge InterleavePurgingEnabled="false" InterleavePurgeCount="1" InterleavePurgeCutOffInDays="0" InterleavePurgeFlagFailures="false" />
  <ScanExclusion ScanExclusionEnabled="true" ScanExclusionTimeoutInSeconds="120" />
  <ProcessingThreads NumberOfScanProcessingThreads="16" NumberOfAssetProcessingThreads="1" NumberOfPBWProcessingThreads="2" />
  <Settings MetaDataPurgeEnabled="True" MetaDataBatchSize="100000" MetaDataObjectThreshold="5000000" />
</ConfigurationItem>,00000000-0000-0000-0000-000000000000,
NoAction,15,1,1.0,BeyondTrust.Configuration.ProductConfigurations.ClaimsAwareSSOConfiguration,3/2/2020 9:27:57 PM,2/19/2021 5:30:45 PM,<ConfigurationItem Caption="Claims Aware Single Sign On Settings" Required="True">
  <WebsiteClaimsAwareSSO WebSite="Default Web Site" VirtualDirectory="eEye.RetinaCSClaimsAware" AccessURL="https://bc-apsfc/eEye.RetinaCSClaimsAware/" FederationServiceName="adfs.adfs.local" />
</ConfigurationItem>,00000000-0000-0000-0000-000000000000,
NoAction,16,1,1.0,BeyondTrust.Configuration.ProductConfigurations.SAMLConfiguration,3/2/2020 9:27:57 PM,2/19/2021 5:30:45 PM,<ConfigurationItem Caption="SAML Settings" Required="True">
  <WebsiteSAML WebSite="Default Web Site" VirtualDirectory="eEye.RetinaCSSAML" AccessURL="https://uvmsql/eEye.RetinaCSSAML/" />
</ConfigurationItem>,00000000-0000-0000-0000-000000000000,
NoAction,17,1,1.0,BeyondTrust.Configuration.ProductConfigurations.SSOConfiguration,3/2/2020 9:27:57 PM,2/19/2021 5:30:45 PM,<ConfigurationItem Caption="Single Sign On Settings" Required="True">
  <WebsiteSSO WebSite="Default Web Site" VirtualDirectory="eEye.RetinaCSSSO" AccessURL="https://uvmsql/eEye.RetinaCSSO" />
</ConfigurationItem>,00000000-0000-0000-0000-000000000000,
NoAction,18,1,1.0,BeyondTrust.Configuration.ProductConfigurations.SCConfiguration,3/2/2020 9:27:57 PM,2/19/2021 5:30:45 PM,<ConfigurationItem Caption="Smart Card Sign On Settings" Required="True">
  <WebsiteSC WebSite="Default Web Site" VirtualDirectory="RetinaCSSC" AccessURL="https://uvmsql/RetinaCSSC" scSSLRequired="true" />
</ConfigurationItem>,00000000-0000-0000-0000-000000000000,
NoAction,19,1,1.0,BeyondTrust.Configuration.ProductConfigurations.CSWebgateConfiguration,3/2/2020 9:27:57 PM,2/19/2021 5:30:45 PM,<ConfigurationItem Caption="CSWebgate Sign On Settings" Required="True">
  <WebsiteCSWebgate WebSite="Default Web Site" VirtualDirectory="RetinaCSWebgate" AccessURL="https://uvmsql/RetinaCSWebgate" LogoutURL="" />
</ConfigurationItem>,00000000-0000-0000-0000-000000000000,
NoAction,20,1,1.0,BeyondTrust.BeyondInsight.Plugins.Forwarding.Forwarders.EventForwarderConfig,3/2/2020 10:19:22 PM,7/30/2020 9:14:44 PM,<ConfigurationItem Caption="Splunnk" Required="False">
  <eventForwarder pluginId="3415C232-3BF9-45FC-871C-C4E8A4EF0DA9" pluginType="BeyondTrust.BeyondInsight.Plugins.Forwarding.Syslog.SyslogEventForwarder" pluginName="SyslogEventForwarder" name="Splunnk" enabled="true">
    <dataSource pluginId="11CD4C55-764F-4E97-B135-278FD3AB10E0" pluginType="BeyondTrust.BeyondInsight.Plugins.Forwarding.Legacy.EventServerMessageDataSourcePlugin" name="EventServerMessageDataSourcePlugin">
      <settings />
    </dataSource>
    <filter pluginId="EBABCBFC-593B-4138-8A35-830334B8D9E1" pluginType="BeyondTrust.BeyondInsight.Plugins.Forwarding.Filters.EventsFilterPlugin" name="EventsFilterPlugin">
      <settings />
      <Events>
        <Event Type="EPPVUL" Enabled="False" Severity="-1">
          <EventTypes />
        </Event>
        <Event Type="EPPWEF" Enabled="False" Severity="-1">
          <EventTypes />
        </Event>
        <Event Type="Retina" Enabled="True" Severity="-1">
          <EventTypes />
        </Event>
        <Event Type="PBW" Enabled="False" Severity="-1">
          <EventTypes>
            <EventType EventTypeId="28691" Enabled="False" EventMessage="Application Requested Elevation" />
            <EventType EventTypeId="28692" Enabled="False" EventMessage="Application Launched" />
            <EventType EventTypeId="28693" Enabled="False" EventMessage="Custom Rule Applied" />
            <EventType EventTypeId="28694" Enabled="False" EventMessage="Shell Rule Applied" />
            <EventType EventTypeId="28695" Enabled="False" EventMessage="ActiveX Control Rule Applied" />
            <EventType EventTypeId="28696" Enabled="False" EventMessage="ActiveX – Application Requested Elevation" />
            <EventType EventTypeId="28697" Enabled="False" EventMessage="UAC Prompt" />
            <EventType EventTypeId="28698" Enabled="False" EventMessage="Denied Rule Applied" />
            <EventType EventTypeId="28699" Enabled="False" EventMessage="Passive Rule Applied" />
            <EventType EventTypeId="28701" Enabled="False" EventMessage="Heartbeat" />
            <EventType EventTypeId="28702" Enabled="False" EventMessage="Validate Policy" />
            <EventType EventTypeId="28703" Enabled="False" EventMessage="Policy Applied" />
          </EventTypes>
        </Event>
        <Event Type="PBMAC" Enabled="False" Severity="0">
          <EventTypes>
            <EventType EventTypeId="28691" Enabled="False" EventMessage="Application Requested Elevation" />
            <EventType EventTypeId="28692" Enabled="False" EventMessage="Application Launched" />
            <EventType EventTypeId="28693" Enabled="False" EventMessage="Custom Rule Applied" />
            <EventType EventTypeId="28694" Enabled="False" EventMessage="Shell Rule Applied" />
            <EventType EventTypeId="28695" Enabled="False" EventMessage="ActiveX Control Rule Applied" />
            <EventType EventTypeId="28696" Enabled="False" EventMessage="ActiveX – Application Requested Elevation" />
            <EventType EventTypeId="28697" Enabled="False" EventMessage="UAC Prompt" />
            <EventType EventTypeId="28698" Enabled="False" EventMessage="Denied Rule Applied" />
            <EventType EventTypeId="28699" Enabled="False" EventMessage="Passive Rule Applied" />
            <EventType EventTypeId="28701" Enabled="False" EventMessage="Heartbeat" />
            <EventType EventTypeId="28702" Enabled="False" EventMessage="Validate Policy" />
            <EventType EventTypeId="28703" Enabled="False" EventMessage="Policy Applied" />
          </EventTypes>
        </Event>
        <Event Type="PBUL" Enabled="False" Severity="-1">
          <EventTypes>
            <EventType EventTypeId="01" Enabled="False" EventMessage="Accept" />
            <EventType EventTypeId="02" Enabled="False" EventMessage="Finish" />
            <EventType EventTypeId="03" Enabled="False" EventMessage="Keystroke" />
            <EventType EventTypeId="04" Enabled="False" EventMessage="Reject" />
            <EventType EventTypeId="05" Enabled="False" EventMessage="Register" />
            <EventType EventTypeId="06" Enabled="False" EventMessage="Update" />
          </EventTypes>
        </Event>
        <Event Type="PBSUDO" Enabled="False" Severity="0">
          <EventTypes>
            <EventType EventTypeId="01" Enabled="False" EventMessage="Accept" />
            <EventType EventTypeId="02" Enabled="False" EventMessage="Finish" />
            <EventType EventTypeId="03" Enabled="False" EventMessage="Keystroke" />
            <EventType EventTypeId="04" Enabled="False" EventMessage="Reject" />
            <EventType EventTypeId="05" Enabled="False" EventMessage="Register" />
            <EventType EventTypeId="06" Enabled="False" EventMessage="Update" />
          </EventTypes>
        </Event>
        <Event Type="Attack" Enabled="False" Severity="-1">
          <EventTypes />
        </Event>
        <Event Type="Malware" Enabled="False" Severity="-1">
          <EventTypes />
        </Event>
        <Event Type="PBPS" Enabled="True" Severity="-1">
          <EventTypes />
        </Event>
        <Event Type="FIM" Enabled="False" Severity="-1">
          <EventTypes />
        </Event>
        <Event Type="PBWVUL" Enabled="False" Severity="-1">
          <EventTypes />
        </Event>
        <Event Type="PBMACVUL" Enabled="False" Severity="-1">
          <EventTypes />
        </Event>
        <Event Type="Clarity" Enabled="False" Severity="-1">
          <EventTypes />
        </Event>
        <Event Type="AppAudit" Enabled="True" Severity="-1">
          <EventTypes />
        </Event>
        <Event Type="GenericApplianceHealth" Enabled="True" Severity="-1">
          <EventTypes />
        </Event>
      </Events>
    </filter>
    <formatter pluginId="CF7E3E37-8DEA-46DB-BC23-7F4BE4FAB43B" pluginType="BeyondTrust.BeyondInsight.Plugins.Forwarding.Syslog.SyslogEventFormatterCommaPlugin" name="SyslogEventFormatterCommaPlugin">
      <settings>
        <setting name="facility">5</setting>
      </settings>
    </formatter>
    <outputPipeline pluginId="A1A4F0F6-CA05-41E2-85F1-B53C3A17A9CD" pluginType="BeyondTrust.BeyondInsight.Plugins.Forwarding.Pipelines.UdpOutputPipeline" name="UdpOutputPipeline">
      <settings>
        <setting name="hostname">170.70.13.82</setting>
        <setting name="port">514</setting>
      </settings>
    </outputPipeline>
  </eventForwarder>
  <Settings MetaDataPurgeEnabled="True" MetaDataBatchSize="100000" MetaDataObjectThreshold="5000000" />
</ConfigurationItem>,2fcb914d-434f-4df6-96e7-f08b0627d2bd,
NoAction,21,1,1.0,BeyondTrust.Configuration.ProductConfigurations.ESMEventForwardingConfig,3/2/2020 10:20:33 PM,11/8/2021 9:58:25 PM,<ConfigurationItem Caption="ESMEventForwarding Settings" Required="True">
  <ESMEventForwarding EventType="retina" ChunkTimeMinutes="5" LastUpdateTime="2021-11-08 21:58:25Z" MillisecBetweenEventForwards="10" CommandTimeoutSeconds="900" />
</ConfigurationItem>,a4c15341-36a1-4df2-b739-129af149c79a,
NoAction,22,1,1.0,BeyondTrust.Configuration.ProductConfigurations.ESMEventForwardingConfig,3/2/2020 10:20:33 PM,11/8/2021 9:58:25 PM,<ConfigurationItem Caption="ESMEventForwarding Settings" Required="True">
  <ESMEventForwarding EventType="bi_app_audit" ChunkTimeMinutes="5" LastUpdateTime="2021-11-08 21:58:25Z" MillisecBetweenEventForwards="10" CommandTimeoutSeconds="900" />
</ConfigurationItem>,73ca03f2-fd43-4704-a8c2-506b3b52b581,
NoAction,23,1,1.0,BeyondTrust.Configuration.ProductConfigurations.ESMEventForwardingConfig,3/2/2020 10:20:33 PM,11/8/2021 9:58:25 PM,<ConfigurationItem Caption="ESMEventForwarding Settings" Required="True">
  <ESMEventForwarding EventType="passwordsafe" ChunkTimeMinutes="5" LastUpdateTime="2021-11-08 21:58:25Z" MillisecBetweenEventForwards="10" CommandTimeoutSeconds="900" />
</ConfigurationItem>,47c34960-2854-464f-a6e2-be959f1ab9e8,
NoAction,24,1,1.0,BeyondTrust.Configuration.ProductConfigurations.RoleConfiguration,5/15/2020 7:29:20 PM,5/15/2020 7:29:20 PM,<ConfigurationItem Caption="RoleConfiguration Settings" Required="True">
  <ConsoleRoles MachineName="BC-APSFC" ManagementConsole="true" Omniworker="true" RemCentralPolicy="true" EncryptionValidation="true" />
  <Settings MetaDataPurgeEnabled="True" MetaDataBatchSize="100000" MetaDataObjectThreshold="5000000" />
</ConfigurationItem>,ec52423a-9fad-4209-9ae3-eecdcd1210ec,
NoAction,25,1,1.0,BeyondTrust.Configuration.ProductConfigurations.RoleConfiguration,5/15/2020 2:38:08 PM,2/19/2021 5:30:44 PM,<ConfigurationItem Caption="RoleConfiguration Settings" Required="True">
  <ConsoleRoles MachineName="BC-APSFC" ManagementConsole="true" Omniworker="true" RemCentralPolicy="true" EncryptionValidation="true" />
</ConfigurationItem>,40a98ee5-1fd4-4176-bcfb-96f805076357,
NoAction,26,1,1.0.0.0,BeyondTrust.BeyondInsight.Omniworker.Service.Configuration.OmniWorkerConfig,5/15/2020 5:15:30 PM,5/15/2020 5:15:30 PM,"<ConfigurationItem Caption="Omniworker Configuration" Required="False">
  <AllowedGroups>*</AllowedGroups>
  <QueueMonitors>
    <QueueMonitor Title="GeneralTasks Queue" AssemblyName="BeyondTrust.BeyondInsight.Omniworker.GeneralTaskQueue" ClassName="GeneralTaskQueueMonitor" Queue="GeneralTasks" Groups="*" />
    <QueueMonitor Title="EventForwarding Queue" AssemblyName="BeyondTrust.BeyondInsight.Omniworker.EventForwardingQueue" ClassName="EventForwardingTaskQueueMonitor" Queue="EventForwardingTasks" Groups="*" />
    <QueueMonitor Title="PS PurgeTask Queue" AssemblyName="BeyondTrust.BeyondInsight.Omniworker.PasswordSafe" ClassName="PurgeTasksQueueMonitor" Queue="psPurgeTasks" Groups="passwordsafe" />
    <QueueMonitor Title="PS NotificationTasks Queue" AssemblyName="BeyondTrust.BeyondInsight.Omniworker.PasswordSafe" ClassName="NotificationTasksQueueMonitor" Queue="psNotificationTasks" Groups="passwordsafe" />
    <QueueMonitor Title="PS TestTasks Queue" AssemblyName="BeyondTrust.BeyondInsight.Omniworker.PasswordSafe" ClassName="TestTasksQueueMonitor" Queue="psTestTasks" Groups="passwordsafe" />
    <QueueMonitor Title="PS ChangeTasks Queue" AssemblyName="BeyondTrust.BeyondInsight.Omniworker.PasswordSafe" ClassName="ChangeTasksQueueMonitor" Queue="psChangeTasks" Groups="passwordsafe" />
    <QueueMonitor Title="PS ChangePassword Queue" AssemblyName="BeyondTrust.BeyondInsight.Omniworker.PasswordSafe" ClassName="ChangePasswordQueueMonitor" Queue="psChangePassword" Groups="passwordsafe" />
    <QueueMonitor Title="PS TestPassword Queue" AssemblyName="BeyondTrust.BeyondInsight.Omniworker.PasswordSafe" ClassName="TestPasswordQueueMonitor" Queue="psTestPassword" Groups="passwordsafe" />
    <QueueMonitor Title="Asset SmartRule Processsing Queue" AssemblyName="BeyondTrust.BeyondInsight.Omniworker.SmartRuleQueue" ClassName="AssetSmartRuleQueueMonitor" Queue="AssetSmartRuleProcessing" Groups="smartruleprocessing" />
    <QueueMonitor Title="ManagedAccount SmartRule Processsing Queue" AssemblyName="BeyondTrust.BeyondInsight.Omniworker.SmartRuleQueue" ClassName="ManagedAccountSmartRuleQueueMonitor" Queue="ManagedAccountSmartRuleProcessing" Groups="smartruleprocessing" />
    <QueueMonitor Title="ManagedSystem SmartRule Processsing Queue" AssemblyName="BeyondTrust.BeyondInsight.Omniworker.SmartRuleQueue" ClassName="ManagedSystemSmartRuleQueueMonitor" Queue="ManagedSystemSmartRuleProcessing" Groups="smartruleprocessing" />
    <QueueMonitor Title="PolicyUser SmartRule Processsing Queue" AssemblyName="BeyondTrust.BeyondInsight.Omniworker.SmartRuleQueue" ClassName="PolicyUserSmartRuleQueueMonitor" Queue="PolicyUserSmartRuleProcessing" Groups="smartruleprocessing" />
    <QueueMonitor Title="Vulnerability SmartRule Processsing Queue" AssemblyName="BeyondTrust.BeyondInsight.Omniworker.SmartRuleQueue" ClassName="VulnerabilitySmartRuleQueueMonitor" Queue="VulnerabilitySmartRuleProcessing" Groups="smartruleprocessing" />
    <QueueMonitor Title="Check for SmartRule Processing Queue" AssemblyName="BeyondTrust.BeyondInsight.Omniworker.SmartRuleQueue" ClassName="SmartRuleFindForProcessingQueueMonitor" Queue="CheckForSmartRulesToProcess" Groups="smartruleprocessing" />
  </QueueMonitors>
  <RecurringMessages>
    <RecurringMessage Title="Queue Maintenance" Queue="GeneralTasks" AssemblyName="BeyondTrust.BeyondInsight.Omniworker.Messages" ClassName="QueueMaintenanceMessage" Groups="*" BaseTime="00:00" Frequency="2h" UseUtc="False" DaysOfWeek="mo,tu,we,th,fr,sa,su" />
    <RecurringMessage Title="Check for jobs to refresh" Queue="GeneralTasks" AssemblyName="BeyondTrust.BeyondInsight.Omniworker.Messages" ClassName="CheckForScanJobsThatNeedRefreshMessage" Groups="*" BaseTime="" Frequency="1m" UseUtc="False" DaysOfWeek="mo,tu,we,th,fr,sa,su" />
    <RecurringMessage Title="Check for scheduled Clarity Analytic calculation" Queue="GeneralTasks" AssemblyName="BeyondTrust.BeyondInsight.Omniworker.Messages" ClassName="ClarityAnalyticCalculationMessage" Groups="clarityanalytic" BaseTime="" Frequency="1m" UseUtc="False" DaysOfWeek="mo,tu,we,th,fr,sa,su" />
    <RecurringMessage Title="Event WebService Audit Refresh" Queue="GeneralTasks" AssemblyName="BeyondTrust.BeyondInsight.Omniworker.Messages" ClassName="CheckForEventWebServiceAuditsMessage" Groups="*" BaseTime="" Frequency="1h" UseUtc="False" DaysOfWeek="mo,tu,we,th,fr,sa,su" />
    <RecurringMessage Title="Miscellaneous Housekeeping" Queue="GeneralTasks" AssemblyName="BeyondTrust.BeyondInsight.Omniworker.Messages" ClassName="MiscellaneousHousekeepingMessage" Groups="*" BaseTime="" Frequency="1m" UseUtc="False" DaysOfWeek="mo,tu,we,th,fr,sa,su" />
    <RecurringMessage Title="Audit Install" Queue="GeneralTasks" AssemblyName="BeyondTrust.BeyondInsight.Omniworker.Messages" ClassName="AuditInstallMessage" Groups="*" BaseTime="" Frequency="5m" UseUtc="False" DaysOfWeek="mo,tu,we,th,fr,sa,su" />
    <RecurringMessage Title="Event Forwarding" Queue="EventForwardingTasks" AssemblyName="BeyondTrust.BeyondInsight.Omniworker.Messages" ClassName="CheckForNewEventsAndForwardToPluginMessage" Groups="*" BaseTime="" Frequency="30s" UseUtc="False" DaysOfWeek="mo,tu,we,th,fr,sa,su" />
    <RecurringMessage Title="PS Changes" Queue="psChangeTasks" AssemblyName="BeyondTrust.BeyondInsight.Omniworker.Messages" ClassName="ChangeTasksMessage" Groups="passwordsafe" BaseTime="" Frequency="15s" UseUtc="False" DaysOfWeek="mo,tu,we,th,fr,sa,su" />
    <RecurringMessage Title="PS Refresh scheduled tests" Queue="psTestTasks" AssemblyName="BeyondTrust.BeyondInsight.Omniworker.Messages" ClassName="RefreshScheduledTestsMessage" Groups="passwordsafe" BaseTime="" Frequency="1m" UseUtc="False" DaysOfWeek="mo,tu,we,th,fr,sa,su" />
    <RecurringMessage Title="PS Notifications" Queue="psNotificationTasks" AssemblyName="BeyondTrust.BeyondInsight.Omniworker.Messages" ClassName="NotificationTasksMessage" Groups="passwordsafe" BaseTime="" Frequency="1m" UseUtc="False" DaysOfWeek="mo,tu,we,th,fr,sa,su" />
    <RecurringMessage Title="PS Purging" Queue="psPurgeTasks" AssemblyName="BeyondTrust.BeyondInsight.Omniworker.Messages" ClassName="PurgeTasksMessage" Groups="passwordsafe" BaseTime="03:30" Frequency="1d" UseUtc="False" DaysOfWeek="mo,tu,we,th,fr,sa,su" />
    <RecurringMessage Title="PS Alerts Notifications" Queue="ScheduledAction" AssemblyName="BeyondTrust.BeyondInsight.Omniworker.PasswordSafe" ClassName="AlertsCumulativeNotification" Groups="passwordsafe" BaseTime="00:05" Frequency="1d" UseUtc="False" DaysOfWeek="mo,tu,we,th,fr,sa,su" />
    <RecurringMessage Title="Check for Smart Rule processing" Queue="CheckForSmartRulesToProcess" AssemblyName="BeyondTrust.BeyondInsight.Omniworker.SmartRuleQueue.Messages" ClassName="CheckForSmartRulesToProcessMessage" Groups="smartruleprocessing" BaseTime="" Frequency="2m" UseUtc="False" DaysOfWeek="mo,tu,we,th,fr,sa,su" />
    <RecurringMessage Title="Database Log Purging" Queue="GeneralTasks" AssemblyName="BeyondTrust.BeyondInsight.Omniworker.Messages" ClassName="DatabaseLogPurgeMessage" Groups="*" BaseTime="00:00" Frequency="1d" UseUtc="False" DaysOfWeek="mo,tu,we,th,fr,sa,su" />
  </RecurringMessages>
  <Settings MetaDataPurgeEnabled="True" MetaDataBatchSize="100000" MetaDataObjectThreshold="5000000" />
</ConfigurationItem>",40a98ee5-1fd4-4176-bcfb-96f805076357,
NoAction,27,1,1.0,BeyondTrust.Configuration.ProductConfigurations.LoggingConfig,11/12/2020 9:37:40 PM,11/6/2021 2:16:49 PM,<ConfigurationItem Caption="Serilog Settings" Required="False">
  <ServiceLoggingConfigs LogToDatabase="False" SerilogDebug="False" DatabaseLoggingLevel="Warning" FileSizeLimitBytes="10485760" RetainedFileCountLimit="20" PurgeLogEntriesOlderThan="5">
    <ServiceLoggingConfig ServiceKey="omniworker" LoggingLevel="debug" />
    <ServiceLoggingConfig ServiceKey="webconsole" LoggingLevel="debug" />
    <ServiceLoggingConfig ServiceKey="frontend" LoggingLevel="debug" />
    <ServiceLoggingConfig ServiceKey="managerengine" LoggingLevel="debug" />
    <ServiceLoggingConfig ServiceKey="omniworker_smartrules" LoggingLevel="debug" />
    <ServiceLoggingConfig ServiceKey="omniworker_passwordsafe" LoggingLevel="debug" />
    <ServiceLoggingConfig ServiceKey="omniworker_general" LoggingLevel="debug" />
    <ServiceLoggingConfig ServiceKey="omniworker_eventforwarding" LoggingLevel="debug" />
    <ServiceLoggingConfig ServiceKey="ssoportals" LoggingLevel="debug" />
    <ServiceLoggingConfig ServiceKey="reportingservice" LoggingLevel="debug" />
    <ServiceLoggingConfig ServiceKey="policyservice_web" LoggingLevel="debug" />
    <ServiceLoggingConfig ServiceKey="policyservice" LoggingLevel="debug" />
    <ServiceLoggingConfig ServiceKey="eventservice_web" LoggingLevel="debug" />
    <ServiceLoggingConfig ServiceKey="eventservice_appbus" LoggingLevel="debug" />
    <ServiceLoggingConfig ServiceKey="scim_web" LoggingLevel="debug" />
    <ServiceLoggingConfig ServiceKey="configapp" LoggingLevel="debug" />
    <ServiceLoggingConfig ServiceKey="publicapi" LoggingLevel="debug" />
    <ServiceLoggingConfig ServiceKey="teampasswords" LoggingLevel="debug" />
  </ServiceLoggingConfigs>
</ConfigurationItem>,00000000-0000-0000-0000-000000000000,
NoAction,28,1,1.0,BeyondTrust.Configuration.ProductConfigurations.TeamPasswordsAuthConfig,11/12/2020 9:39:57 PM,11/12/2020 9:39:57 PM,<ConfigurationItem Caption="TeamPasswords Authorization Settings" Required="False">
  <TeamPasswordsAuthorizationConfig Issuer="BeyondInsight" Audience="TeamPasswords" Salt="fbf7fc10319ea90a978995e696a2461e7151142be48e86cb671841208a16d7bc8850c4384d49f73a45ff99e3018da204d93f8574fdbe43688abd21bc9a693f86" SecurityKey="H4S9jN4C8aWWyh5rXrfbjfr0LOWtBWs3ERtnoLNFuXzVgD0o7FDTqfQYgBd7cLzM7vIq+szWwrounkq3MHPBoeng8A/fKq4VTNbMx2uN/tQ=" />
  <Settings MetaDataPurgeEnabled="True" MetaDataBatchSize="100000" MetaDataObjectThreshold="5000000" />
</ConfigurationItem>,00000000-0000-0000-0000-000000000000,
NoAction,29,1,1.0,BeyondTrust.Configuration.ProductConfigurations.ESMEventForwardingConfig,11/12/2020 9:52:15 PM,11/8/2021 9:58:25 PM,<ConfigurationItem Caption="ESMEventForwarding Settings" Required="True">
  <ESMEventForwarding EventType="generic_appliance_health" ChunkTimeMinutes="5" LastUpdateTime="2021-11-08 21:58:25Z" MillisecBetweenEventForwards="10" CommandTimeoutSeconds="900" />
</ConfigurationItem>,40ddb7e6-f4cf-4d37-b01b-ffaf67f51202,
