_databaseActionToApply,OptionTypeID,UserSetting,CreatedByUserID,CreateDate,LastUpdateDate,LastUpdateUserID,Inactive,TimeStamp,OptionType
NoAction,1,0,0,3/2/2020 6:47:13 PM,3/2/2020 6:47:13 PM,0,False,System.Byte[],
NoAction,7,3,0,3/2/2020 6:47:13 PM,3/2/2020 6:47:13 PM,0,False,System.Byte[],
NoAction,12,170.70.13.190,0,3/2/2020 6:47:13 PM,2/19/2021 11:13:02 PM,1,True,System.Byte[],
NoAction,13,25,0,3/2/2020 6:47:13 PM,2/19/2021 11:13:02 PM,1,True,System.Byte[],
NoAction,14,,0,3/2/2020 6:47:13 PM,2/19/2021 11:13:02 PM,1,True,System.Byte[],
NoAction,15,,0,3/2/2020 6:47:13 PM,2/19/2021 11:13:02 PM,1,True,System.Byte[],
NoAction,16,0,0,3/2/2020 6:47:13 PM,3/2/2020 6:47:13 PM,0,False,System.Byte[],
NoAction,17,10,0,3/2/2020 6:47:13 PM,3/2/2020 6:47:13 PM,0,False,System.Byte[],
NoAction,19,True,0,3/2/2020 6:47:13 PM,3/2/2020 6:47:13 PM,0,True,System.Byte[],
NoAction,21,True,0,3/2/2020 6:47:13 PM,3/2/2020 6:47:13 PM,0,True,System.Byte[],
NoAction,22,Auto-Update Daily Check Interval,0,3/2/2020 6:47:13 PM,3/2/2020 6:47:13 PM,0,True,System.Byte[],
NoAction,23,Monday,0,3/2/2020 6:47:13 PM,3/2/2020 6:47:13 PM,0,True,System.Byte[],
NoAction,24,1:00,0,3/2/2020 6:47:13 PM,3/2/2020 6:47:13 PM,0,True,System.Byte[],
NoAction,25,7,0,3/2/2020 6:47:13 PM,3/2/2020 6:47:13 PM,0,False,System.Byte[],
NoAction,26,90,0,3/2/2020 6:47:13 PM,3/2/2020 6:47:13 PM,0,False,System.Byte[],
NoAction,27,90,0,3/2/2020 6:47:13 PM,3/2/2020 6:47:13 PM,0,False,System.Byte[],
NoAction,30,False,0,3/2/2020 6:47:13 PM,3/2/2020 6:47:13 PM,0,False,System.Byte[],
NoAction,31,True,0,3/2/2020 6:47:13 PM,3/2/2020 6:47:13 PM,0,False,System.Byte[],
NoAction,32,False,0,3/2/2020 6:47:13 PM,3/2/2020 6:47:13 PM,0,False,System.Byte[],
NoAction,34,True,0,3/2/2020 6:47:13 PM,3/2/2020 6:47:13 PM,0,False,System.Byte[],
NoAction,35,True,0,3/2/2020 6:47:13 PM,3/2/2020 6:47:13 PM,0,False,System.Byte[],
NoAction,36,,0,3/2/2020 6:47:13 PM,3/2/2020 6:47:13 PM,0,False,System.Byte[],
NoAction,37,False,0,3/2/2020 6:47:13 PM,3/2/2020 6:47:13 PM,0,False,System.Byte[],
NoAction,38,False,0,3/2/2020 6:47:13 PM,3/2/2020 6:47:13 PM,0,False,System.Byte[],
NoAction,39,False,0,3/2/2020 6:47:13 PM,3/2/2020 6:47:13 PM,0,False,System.Byte[],
NoAction,41,True,0,3/2/2020 6:47:13 PM,3/2/2020 6:47:13 PM,0,False,System.Byte[],
NoAction,42,60,0,3/2/2020 6:47:13 PM,3/2/2020 6:47:13 PM,0,False,System.Byte[],
NoAction,45,False,0,3/2/2020 6:47:13 PM,3/2/2020 6:47:13 PM,0,False,System.Byte[],
NoAction,46,,0,3/2/2020 6:47:13 PM,3/2/2020 6:47:13 PM,0,False,System.Byte[],
NoAction,47,,0,3/2/2020 6:47:13 PM,3/2/2020 6:47:13 PM,0,False,System.Byte[],
NoAction,48,,0,3/2/2020 6:47:13 PM,3/2/2020 6:47:13 PM,0,False,System.Byte[],
NoAction,49,False,0,3/2/2020 6:47:13 PM,3/2/2020 6:47:13 PM,0,False,System.Byte[],
NoAction,50,7,0,3/2/2020 6:47:13 PM,3/2/2020 6:47:13 PM,0,False,System.Byte[],
NoAction,51,30,0,3/2/2020 6:47:13 PM,3/2/2020 6:47:13 PM,0,False,System.Byte[],
NoAction,52,30,0,3/2/2020 6:47:13 PM,3/2/2020 6:47:13 PM,0,False,System.Byte[],
NoAction,53,90,0,3/2/2020 6:47:13 PM,3/2/2020 6:47:13 PM,0,False,System.Byte[],
NoAction,54,7,0,3/2/2020 6:47:13 PM,3/2/2020 6:47:13 PM,0,False,System.Byte[],
NoAction,55,7,0,3/2/2020 6:47:13 PM,3/2/2020 6:47:13 PM,0,False,System.Byte[],
NoAction,56,False,0,3/2/2020 6:47:13 PM,3/2/2020 6:47:13 PM,0,False,System.Byte[],
NoAction,57,False,0,3/2/2020 6:47:13 PM,3/2/2020 6:47:13 PM,0,False,System.Byte[],
NoAction,58,90,0,3/2/2020 6:47:13 PM,3/2/2020 6:47:13 PM,0,False,System.Byte[],
NoAction,59,False,0,3/2/2020 6:47:13 PM,3/2/2020 6:47:13 PM,0,False,System.Byte[],
NoAction,60,,0,3/2/2020 6:47:13 PM,3/2/2020 6:47:13 PM,0,False,System.Byte[],
NoAction,61,False,0,3/2/2020 6:47:13 PM,3/2/2020 6:47:13 PM,0,True,System.Byte[],
NoAction,62,BC-CtaSE@correobm.org.mx,0,3/2/2020 6:47:13 PM,2/19/2021 11:13:02 PM,1,False,System.Byte[],
NoAction,63,120,0,3/2/2020 6:47:13 PM,3/2/2020 6:47:13 PM,0,False,System.Byte[],
NoAction,64,30,0,3/2/2020 6:47:13 PM,3/2/2020 6:47:13 PM,0,False,System.Byte[],
NoAction,65,90,0,3/2/2020 6:47:13 PM,3/2/2020 6:47:13 PM,0,False,System.Byte[],
NoAction,66,False,0,3/2/2020 6:47:13 PM,3/2/2020 6:47:13 PM,0,False,System.Byte[],
NoAction,67,True,0,3/2/2020 6:47:13 PM,3/2/2020 6:47:13 PM,0,False,System.Byte[],
NoAction,68,90,0,3/2/2020 6:47:13 PM,3/2/2020 6:47:13 PM,0,False,System.Byte[],
NoAction,200,0,0,3/2/2020 6:47:13 PM,3/2/2020 6:47:13 PM,0,False,System.Byte[],
NoAction,201,en-US,0,3/2/2020 6:47:13 PM,3/2/2020 6:47:13 PM,0,True,System.Byte[],
NoAction,202,360,0,3/2/2020 6:47:13 PM,3/2/2020 6:47:13 PM,0,False,System.Byte[],
NoAction,203,60,0,3/2/2020 6:47:13 PM,3/2/2020 6:47:13 PM,0,False,System.Byte[],
NoAction,204,30,0,3/2/2020 6:47:13 PM,3/2/2020 6:47:13 PM,0,False,System.Byte[],
NoAction,205,False,0,3/2/2020 6:47:13 PM,3/2/2020 6:47:13 PM,0,False,System.Byte[],
NoAction,206,30,0,3/2/2020 6:47:13 PM,3/2/2020 6:47:13 PM,0,False,System.Byte[],
NoAction,207,30,0,3/2/2020 6:47:13 PM,3/2/2020 6:47:13 PM,0,False,System.Byte[],
NoAction,208,30,0,3/2/2020 6:47:13 PM,3/2/2020 6:47:13 PM,0,False,System.Byte[],
NoAction,209,7,0,3/2/2020 6:47:13 PM,3/2/2020 6:47:13 PM,0,False,System.Byte[],
NoAction,210,False,0,3/2/2020 6:47:13 PM,3/2/2020 6:47:13 PM,0,False,System.Byte[],
NoAction,211,90,0,3/2/2020 6:47:13 PM,3/2/2020 6:47:13 PM,0,False,System.Byte[],
NoAction,213,15,0,3/2/2020 6:47:13 PM,3/2/2020 6:47:13 PM,0,False,System.Byte[],
NoAction,214,15,0,3/2/2020 6:47:13 PM,3/2/2020 6:47:13 PM,0,False,System.Byte[],
NoAction,215,480,0,3/2/2020 6:47:13 PM,3/2/2020 6:47:13 PM,0,False,System.Byte[],
NoAction,216,False,0,3/2/2020 6:47:13 PM,3/2/2020 6:47:13 PM,0,False,System.Byte[],
NoAction,217,3,0,3/2/2020 6:47:13 PM,3/2/2020 6:47:13 PM,0,False,System.Byte[],
NoAction,219,true,0,3/2/2020 6:47:13 PM,11/18/2020 10:05:32 PM,1,False,System.Byte[],
NoAction,220,1,0,3/2/2020 6:47:13 PM,6/26/2020 3:21:31 PM,1,False,System.Byte[],
NoAction,221,8,0,3/2/2020 6:47:13 PM,6/26/2020 3:21:40 PM,1,False,System.Byte[],
NoAction,222,True,0,3/2/2020 6:47:13 PM,3/2/2020 6:47:13 PM,0,False,System.Byte[],
NoAction,223,True,0,3/2/2020 6:47:13 PM,11/18/2020 10:05:54 PM,1,False,System.Byte[],
NoAction,224,1,0,3/2/2020 6:47:13 PM,11/18/2020 10:05:54 PM,1,False,System.Byte[],
NoAction,225,0,0,3/2/2020 6:47:13 PM,11/18/2020 10:05:54 PM,1,False,System.Byte[],
NoAction,226,1,0,3/2/2020 6:47:13 PM,11/18/2020 10:05:54 PM,1,False,System.Byte[],
NoAction,227,15,0,3/2/2020 6:47:13 PM,11/18/2020 10:05:54 PM,1,False,System.Byte[],
NoAction,228,240,0,3/2/2020 6:47:13 PM,11/18/2020 10:05:54 PM,1,False,System.Byte[],
NoAction,229,25,0,3/2/2020 6:47:13 PM,11/18/2020 10:05:54 PM,1,False,System.Byte[],
NoAction,230,30,0,3/2/2020 6:47:13 PM,3/2/2020 6:47:13 PM,0,False,System.Byte[],
NoAction,231,5,0,3/2/2020 6:47:13 PM,3/2/2020 6:47:13 PM,0,False,System.Byte[],
NoAction,232,30,0,3/2/2020 6:47:13 PM,3/2/2020 6:47:13 PM,0,False,System.Byte[],
NoAction,233,90,0,3/2/2020 6:47:13 PM,3/2/2020 6:47:13 PM,0,False,System.Byte[],
NoAction,234,90,0,3/2/2020 6:47:13 PM,3/2/2020 6:47:13 PM,0,False,System.Byte[],
NoAction,235,30,0,3/2/2020 6:47:13 PM,3/2/2020 6:47:13 PM,0,False,System.Byte[],
NoAction,236,365,0,3/2/2020 6:47:13 PM,3/2/2020 6:47:13 PM,0,False,System.Byte[],
NoAction,237,Maximized,0,3/2/2020 6:47:13 PM,6/12/2020 9:18:08 PM,1,False,System.Byte[],
NoAction,244,true,0,3/2/2020 6:47:13 PM,4/2/2020 10:32:38 PM,1,False,System.Byte[],
NoAction,260,True,0,3/2/2020 6:47:13 PM,3/2/2020 6:47:13 PM,0,False,System.Byte[],
NoAction,261,1410,0,3/2/2020 6:47:13 PM,3/2/2020 6:47:13 PM,0,False,System.Byte[],
NoAction,262,0,0,3/2/2020 6:47:13 PM,3/2/2020 6:47:13 PM,0,False,System.Byte[],
NoAction,263,0.65,0,3/2/2020 6:47:13 PM,3/2/2020 6:47:13 PM,0,False,System.Byte[],
NoAction,264,0.05,0,3/2/2020 6:47:13 PM,3/2/2020 6:47:13 PM,0,False,System.Byte[],
NoAction,265,7,0,3/2/2020 6:47:13 PM,3/2/2020 6:47:13 PM,0,True,System.Byte[],
NoAction,266,20,0,3/2/2020 6:47:13 PM,3/2/2020 6:47:13 PM,0,True,System.Byte[],
NoAction,267,62,0,3/2/2020 6:47:13 PM,3/2/2020 6:47:13 PM,0,True,System.Byte[],
NoAction,268,375462,0,3/2/2020 6:47:13 PM,11/8/2021 5:30:30 AM,1,True,System.Byte[],
NoAction,269,0,0,3/2/2020 6:47:13 PM,3/2/2020 6:47:13 PM,0,True,System.Byte[],
NoAction,270,0,0,3/2/2020 6:47:13 PM,3/2/2020 6:47:13 PM,0,True,System.Byte[],
NoAction,271,0,0,3/2/2020 6:47:13 PM,3/2/2020 6:47:13 PM,0,True,System.Byte[],
NoAction,272,False,0,3/2/2020 6:47:13 PM,3/2/2020 6:47:13 PM,0,False,System.Byte[],
NoAction,273,True,0,3/2/2020 6:47:13 PM,3/2/2020 6:47:13 PM,0,False,System.Byte[],
NoAction,274,240,0,3/2/2020 6:47:13 PM,3/2/2020 6:47:13 PM,0,False,System.Byte[],
NoAction,275,0,0,3/2/2020 6:47:13 PM,3/2/2020 6:47:13 PM,0,False,System.Byte[],
NoAction,276,False,0,3/2/2020 6:47:13 PM,3/2/2020 6:47:13 PM,0,False,System.Byte[],
NoAction,277,14558,0,3/2/2020 6:47:13 PM,11/8/2021 5:30:50 AM,1,True,System.Byte[],
NoAction,279,False,0,3/2/2020 6:47:13 PM,3/2/2020 6:47:13 PM,0,False,System.Byte[],
NoAction,280,,0,3/2/2020 6:47:13 PM,3/2/2020 6:47:13 PM,0,False,System.Byte[],
NoAction,281,False,0,3/2/2020 6:47:13 PM,2/19/2021 11:13:02 PM,1,True,System.Byte[],
NoAction,282,1,0,3/2/2020 6:47:13 PM,3/2/2020 6:47:13 PM,0,False,System.Byte[],
NoAction,283,False,1,3/12/2020 10:18:23 PM,3/12/2020 10:18:23 PM,1,False,System.Byte[],
NoAction,286,,0,3/2/2020 6:47:13 PM,3/2/2020 6:47:13 PM,0,False,System.Byte[],
NoAction,287,True,1,9/23/2020 4:22:03 PM,9/24/2020 2:21:32 PM,1,False,System.Byte[],
NoAction,288,Standard,0,3/2/2020 6:47:13 PM,3/2/2020 6:47:13 PM,0,False,System.Byte[],
NoAction,289,False,0,3/2/2020 6:47:13 PM,3/2/2020 6:47:13 PM,0,False,System.Byte[],
NoAction,290,50,0,3/2/2020 6:47:13 PM,3/2/2020 6:47:13 PM,0,False,System.Byte[],
NoAction,291,1,0,3/2/2020 6:47:13 PM,3/2/2020 6:47:13 PM,0,False,System.Byte[],
NoAction,297,0,0,3/2/2020 6:47:13 PM,3/2/2020 6:47:13 PM,0,False,System.Byte[],
NoAction,298,Authorized Use Only!,0,3/2/2020 6:47:13 PM,3/2/2020 6:47:13 PM,0,False,System.Byte[],
NoAction,299,,0,3/2/2020 6:47:13 PM,3/2/2020 6:47:13 PM,0,False,System.Byte[],
NoAction,300,3389,0,3/2/2020 6:47:13 PM,3/2/2020 6:47:13 PM,0,False,System.Byte[],
NoAction,301,False,0,3/2/2020 6:47:13 PM,3/2/2020 6:47:13 PM,0,False,System.Byte[],
NoAction,302,False,0,3/2/2020 6:47:13 PM,3/2/2020 6:47:13 PM,0,False,System.Byte[],
NoAction,303,True,0,3/2/2020 6:47:13 PM,3/2/2020 6:47:13 PM,0,False,System.Byte[],
NoAction,304,Clarity Analytic Threat Update,0,3/2/2020 6:47:13 PM,3/2/2020 6:47:13 PM,0,False,System.Byte[],
NoAction,305,1,1,3/12/2020 10:18:23 PM,9/24/2020 2:41:39 PM,1,False,System.Byte[],
NoAction,306,False,0,3/2/2020 6:47:13 PM,3/2/2020 6:47:13 PM,0,False,System.Byte[],
NoAction,307,False,0,3/2/2020 6:47:13 PM,3/2/2020 6:47:13 PM,0,False,System.Byte[],
NoAction,308,1,0,3/2/2020 6:47:13 PM,6/12/2020 9:18:08 PM,1,False,System.Byte[],
NoAction,309,312,0,3/2/2020 6:47:13 PM,11/8/2021 4:00:58 AM,1,False,System.Byte[],
NoAction,310,1,0,3/2/2020 6:47:13 PM,3/2/2020 6:47:13 PM,0,False,System.Byte[],
NoAction,311,1,0,3/2/2020 6:47:13 PM,3/2/2020 6:47:13 PM,0,False,System.Byte[],
NoAction,312,1,0,3/2/2020 6:47:13 PM,3/2/2020 6:47:13 PM,0,False,System.Byte[],
NoAction,313,1,0,3/2/2020 6:47:13 PM,3/2/2020 6:47:13 PM,0,False,System.Byte[],
NoAction,314,1,0,3/2/2020 6:47:13 PM,3/2/2020 6:47:13 PM,0,False,System.Byte[],
NoAction,315,1,0,3/2/2020 6:47:13 PM,3/2/2020 6:47:13 PM,0,False,System.Byte[],
NoAction,316,1,0,3/2/2020 6:47:13 PM,3/2/2020 6:47:13 PM,0,False,System.Byte[],
NoAction,317,1,0,3/2/2020 6:47:13 PM,3/2/2020 6:47:13 PM,0,False,System.Byte[],
NoAction,318,1,0,3/2/2020 6:47:13 PM,3/2/2020 6:47:13 PM,0,False,System.Byte[],
NoAction,319,1,0,3/2/2020 6:47:13 PM,3/2/2020 6:47:13 PM,0,False,System.Byte[],
NoAction,320,1,0,3/2/2020 6:47:13 PM,3/2/2020 6:47:13 PM,0,False,System.Byte[],
NoAction,321,1,0,3/2/2020 6:47:13 PM,3/2/2020 6:47:13 PM,0,False,System.Byte[],
NoAction,322,1,0,3/2/2020 6:47:13 PM,3/2/2020 6:47:13 PM,0,False,System.Byte[],
NoAction,323,,0,3/2/2020 6:47:13 PM,3/2/2020 6:47:13 PM,0,False,System.Byte[],
NoAction,324,30,0,3/2/2020 6:47:13 PM,3/2/2020 6:47:13 PM,0,False,System.Byte[],
NoAction,325,30,0,3/2/2020 6:47:13 PM,3/2/2020 6:47:13 PM,0,False,System.Byte[],
NoAction,326,30,0,3/2/2020 6:47:13 PM,3/2/2020 6:47:13 PM,0,False,System.Byte[],
NoAction,327,2,0,3/2/2020 6:47:13 PM,9/3/2020 2:39:25 PM,1,False,System.Byte[],
NoAction,328,3,0,3/2/2020 6:47:13 PM,9/3/2020 2:39:25 PM,1,False,System.Byte[],
NoAction,329,400,0,3/2/2020 6:47:13 PM,3/2/2020 6:47:13 PM,0,False,System.Byte[],
NoAction,331,400,0,3/2/2020 6:47:13 PM,3/2/2020 6:47:13 PM,0,False,System.Byte[],
NoAction,340,true,0,3/2/2020 6:47:13 PM,6/5/2020 6:26:07 PM,1,False,System.Byte[],
NoAction,341,true,0,3/2/2020 6:47:13 PM,6/5/2020 6:29:19 PM,1,False,System.Byte[],
NoAction,342,True,0,3/2/2020 6:47:13 PM,3/2/2020 6:47:13 PM,0,False,System.Byte[],
NoAction,343,True,0,3/2/2020 6:47:13 PM,6/12/2020 9:18:08 PM,1,False,System.Byte[],
NoAction,344,True,0,3/2/2020 6:47:13 PM,6/12/2020 9:18:08 PM,1,False,System.Byte[],
NoAction,345,True,0,3/2/2020 6:47:13 PM,6/12/2020 9:18:08 PM,1,False,System.Byte[],
NoAction,346,True,0,3/2/2020 6:47:13 PM,6/12/2020 9:18:08 PM,1,False,System.Byte[],
NoAction,347,True,0,3/2/2020 6:47:13 PM,6/12/2020 9:18:08 PM,1,False,System.Byte[],
NoAction,349,True,0,3/2/2020 6:47:13 PM,6/12/2020 9:18:08 PM,1,False,System.Byte[],
NoAction,350,True,0,3/2/2020 6:47:13 PM,6/12/2020 9:18:08 PM,1,False,System.Byte[],
NoAction,351,60,0,3/2/2020 6:47:13 PM,3/2/2020 6:47:13 PM,0,False,System.Byte[],
NoAction,352,true,0,3/2/2020 6:47:13 PM,12/9/2020 5:12:24 PM,1,False,System.Byte[],
NoAction,353,False,0,3/2/2020 6:47:13 PM,3/2/2020 6:47:13 PM,0,False,System.Byte[],
NoAction,355,600,0,3/2/2020 6:47:13 PM,3/2/2020 6:47:13 PM,0,False,System.Byte[],
NoAction,356,30,0,3/2/2020 6:47:13 PM,3/2/2020 6:47:13 PM,0,False,System.Byte[],
NoAction,357,false,0,3/2/2020 6:47:13 PM,6/5/2020 6:27:55 PM,1,False,System.Byte[],
NoAction,358,False,0,3/2/2020 6:47:13 PM,3/2/2020 6:47:13 PM,0,True,System.Byte[],
NoAction,359,False,0,3/2/2020 6:47:13 PM,3/2/2020 6:47:13 PM,0,False,System.Byte[],
NoAction,360,0,1,9/1/2018 12:00:00 AM,9/1/2018 12:00:00 AM,1,False,System.Byte[],
NoAction,361,SamAccountName,0,11/12/2020 9:38:37 PM,11/12/2020 9:38:37 PM,0,False,System.Byte[],
NoAction,362,False,0,11/12/2020 9:38:37 PM,11/12/2020 9:38:37 PM,0,False,System.Byte[],
NoAction,364,0,0,11/12/2020 9:38:38 PM,11/12/2020 9:38:38 PM,0,False,System.Byte[],
NoAction,365,5,0,11/12/2020 9:38:38 PM,11/12/2020 9:38:38 PM,0,False,System.Byte[],
NoAction,366,5,0,11/12/2020 9:38:38 PM,11/12/2020 9:38:38 PM,0,False,System.Byte[],
NoAction,367,5,0,11/12/2020 9:38:38 PM,11/12/2020 9:38:38 PM,0,False,System.Byte[],
NoAction,368,5,0,11/12/2020 9:38:38 PM,11/12/2020 9:38:38 PM,0,False,System.Byte[],
NoAction,369,5,0,11/12/2020 9:38:38 PM,11/12/2020 9:38:38 PM,0,False,System.Byte[],
NoAction,370,12,0,11/12/2020 9:38:38 PM,11/12/2020 9:38:38 PM,0,False,System.Byte[],
NoAction,371,5,0,11/12/2020 9:38:38 PM,11/12/2020 9:38:38 PM,0,False,System.Byte[],
NoAction,372,60,0,11/12/2020 9:38:38 PM,11/12/2020 9:38:38 PM,0,False,System.Byte[],
NoAction,373,False,0,11/12/2020 9:38:38 PM,11/12/2020 9:38:38 PM,0,False,System.Byte[],
NoAction,374,IP Address,0,11/12/2020 9:38:37 PM,11/12/2020 9:38:37 PM,0,False,System.Byte[],
NoAction,375,False,0,11/12/2020 9:38:38 PM,11/12/2020 9:38:38 PM,0,False,System.Byte[],
NoAction,376,,0,11/12/2020 9:38:38 PM,11/12/2020 9:38:38 PM,0,False,System.Byte[],
