_databaseActionToApply,ChangeQueueID,ManagedAccountID,FunctionalAccountID,ManagedSystemID,SubmitDt,ChangeReasonCd,ChangeDt,ProcessStartDt,ReleaseID,RequestID,NumberOfFailures,ProcessingStatus,Password,EncryptionType,CredentialType,AccessKey,Salt,CredentialInfo,OmniWorkerAgentID,TimeStamp,FunctionalAccount,ManagedAccount
NoAction,3583,101,,6,10/27/2021 9:43:20 PM,S,10/27/2022 9:43:00 PM,,,,,0,,,,,,,,System.Byte[],,
NoAction,3447,106,,6,8/26/2021 1:09:32 AM,S,8/26/2022 11:30:00 PM,,,,,0,,,,,,,,System.Byte[],,
NoAction,3446,105,,6,8/25/2021 11:30:10 PM,S,8/25/2022 11:30:00 PM,,,,,0,,,,,,,,System.Byte[],,
NoAction,3354,98,,6,7/3/2021 3:14:46 AM,S,7/3/2022 1:36:00 AM,,,,,0,,,,,,,,System.Byte[],,
NoAction,3149,81,,6,2/12/2021 3:57:27 AM,S,2/12/2022 2:03:00 AM,,,,,0,,,,,,,,System.Byte[],,
NoAction,3147,79,,6,2/5/2021 12:40:04 AM,S,2/5/2022 12:40:00 AM,,,,,0,,,,,,,,System.Byte[],,
NoAction,3145,78,,6,2/5/2021 12:03:04 AM,S,2/5/2022 12:01:00 AM,,,,,0,,,,,,,,System.Byte[],,
NoAction,3144,77,,6,2/4/2021 11:58:17 PM,S,2/4/2022 11:58:00 PM,,,,,0,,,,,,,,System.Byte[],,
NoAction,3629,60,,6,11/1/2021 11:20:11 PM,S,12/1/2021 11:20:00 PM,,,,,0,,,,,,,,System.Byte[],,
NoAction,3621,38,,6,11/1/2021 4:43:16 PM,S,12/1/2021 4:43:00 PM,,,,,0,,,,,,,,System.Byte[],,
NoAction,3619,,4,,11/1/2021 8:27:19 AM,S,12/1/2021 8:27:00 AM,,,,,0,,,,,,,,System.Byte[],,
NoAction,3620,,5,,11/1/2021 8:27:19 AM,S,12/1/2021 8:27:00 AM,,,,,0,,,,,,,,System.Byte[],,
NoAction,3606,15,,6,11/1/2021 4:33:34 AM,S,12/1/2021 5:30:00 AM,,,,,0,,,,,,,,System.Byte[],,
NoAction,3607,16,,6,11/1/2021 4:33:34 AM,S,12/1/2021 5:30:00 AM,,,,,0,,,,,,,,System.Byte[],,
NoAction,3608,18,,6,11/1/2021 4:33:34 AM,S,12/1/2021 5:30:00 AM,,,,,0,,,,,,,,System.Byte[],,
NoAction,3609,22,,6,11/1/2021 4:33:34 AM,S,12/1/2021 5:30:00 AM,,,,,0,,,,,,,,System.Byte[],,
NoAction,3610,24,,6,11/1/2021 4:33:34 AM,S,12/1/2021 5:30:00 AM,,,,,0,,,,,,,,System.Byte[],,
NoAction,3611,56,,6,11/1/2021 4:33:34 AM,S,12/1/2021 5:30:00 AM,,,,,0,,,,,,,,System.Byte[],,
NoAction,3612,59,,6,11/1/2021 4:33:34 AM,S,12/1/2021 5:30:00 AM,,,,,0,,,,,,,,System.Byte[],,
NoAction,3617,103,,6,11/1/2021 4:33:34 AM,S,12/1/2021 5:30:00 AM,,,,,0,,,,,,,,System.Byte[],,
NoAction,3618,104,,6,11/1/2021 4:33:34 AM,S,12/1/2021 5:30:00 AM,,,,,0,,,,,,,,System.Byte[],,
NoAction,3623,58,,38,11/1/2021 8:05:48 PM,S,12/1/2021 4:30:00 AM,,,,,0,,,,,,,,System.Byte[],,
NoAction,3625,13,,8,11/1/2021 8:32:48 PM,S,12/1/2021 4:30:00 AM,,,,,0,,,,,,,,System.Byte[],,
NoAction,3626,12,,7,11/1/2021 8:32:49 PM,S,12/1/2021 4:30:00 AM,,,,,0,,,,,,,,System.Byte[],,
NoAction,3300,94,,6,6/2/2021 11:32:24 PM,S,11/29/2021 11:30:00 PM,,,,,0,,,,,,,,System.Byte[],,
