_databaseActionToApply,Id,ConsoleName,CreateDate,Event
NoAction,303,BC-APSFC,6/25/2021 11:39:19 PM,[Information]  BeyondTrust.BeyondInsight.Omniworker.Service: STARTED.    [6]
NoAction,302,BC-APSFC,6/25/2021 11:38:53 PM,[Information]  RemManagerSvc: STARTED.    [8]
NoAction,301,BC-APSFC,6/25/2021 11:38:48 PM,[Information]  REMCentralPolicyService: STARTED.    [8]
NoAction,300,BC-APSFC,6/15/2021 12:50:24 AM,[Information]  BeyondTrust.BeyondInsight.Omniworker.Service: STARTED.    [6]
NoAction,299,BC-APSFC,6/15/2021 12:49:57 AM,[Information]  RemManagerSvc: STARTED.    [8]
NoAction,298,BC-APSFC,6/15/2021 12:49:53 AM,[Information]  REMCentralPolicyService: STARTED.    [8]
NoAction,297,BC-APSFC,6/15/2021 12:24:41 AM,[Information]  BeyondTrust.BeyondInsight.Omniworker.Service: STARTED.    [6]
NoAction,296,BC-APSFC,6/15/2021 12:24:30 AM,[Information]  RemManagerSvc: STARTED.    [8]
NoAction,295,BC-APSFC,6/15/2021 12:24:27 AM,[Information]  REMCentralPolicyService: STARTED.    [8]
