Schema,TabName,Rows,ReservedMB,DataMB,Index_SizeMB,UnusedMB
SM,[SM].[SMKeystroke],35350108,8549.695,5183.781,3359.406,6.508
dbo,[dbo].[CvssScoreCache],2994210,478.336,468.813,9.461,0.063
dbo,[dbo].[VACheckDatum],52722,182.891,173.039,0.055,9.797
dbo,[dbo].[vulnerabilities_References],282531,176.211,58.094,117.688,0.430
dbo,[dbo].[vReferences_],146646,167.602,102.164,64.961,0.477
dbo,[dbo].[Asset_FIMEvent],87140,115.008,110.727,3.242,1.039
dbo,[dbo].[vulnerabilities_],39839,101.484,75.680,24.430,1.375
dbo,[dbo].[audits_],52762,97.297,65.781,30.953,0.563
dbo,[dbo].[FileHashCache],271124,95.344,58.203,36.938,0.203
dbo,[dbo].[ScapXccdfRule],81325,94.336,76.750,17.469,0.117
dbo,[dbo].[Audit_Compliance],399138,81.891,45.383,36.219,0.289
dbo,[dbo].[VAAuditGroup_Audit],225427,72.086,18.750,53.000,0.336
dbo,[dbo].[MitigationPatch],61500,22.758,22.391,0.266,0.102
dbo,[dbo].[VulnerabilityCache],39839,21.797,16.320,3.297,2.180
dbo,[dbo].[MitigationPatchInfo],61139,21.641,10.922,10.445,0.273
dbo,[dbo].[evt_pbw_20211103_nvp],15352,20.234,1.695,2.656,15.883
dbo,[dbo].[evt_pbw_20211102_nvp],16080,20.195,1.773,2.625,15.797
dbo,[dbo].[evt_pbw_20211104_nvp],14204,19.547,1.578,2.484,15.484
dbo,[dbo].[evt_pbw_20211108_nvp],14181,18.195,1.555,2.391,14.250
dbo,[dbo].[evt_pbw_20211107_nvp],12692,17.820,1.406,2.242,14.172
dbo,[dbo].[evt_pbw_20211105_nvp],13112,17.570,1.453,2.242,13.875
dbo,[dbo].[evt_pbw_20211106_nvp],12552,17.234,1.383,2.180,13.672
dbo,[dbo].[vulnerabilities_Categories],40098,16.516,5.602,10.828,0.086
dbo,[dbo].[Audit_CPE],74503,16.258,15.672,0.469,0.117
dbo,[dbo].[CVE_CVSS],51574,15.328,7.664,7.516,0.148
pmm,[pmm].[PmmLogSystem],42616,15.234,13.109,1.625,0.500
pmm,[pmm].[PmmSMSession],7917,13.703,9.820,2.711,1.172
dbo,[dbo].[VAAudit],52762,13.023,4.469,8.195,0.359
dbo,[dbo].[SmartRuleVulnerabilityCache],79678,12.820,12.648,0.156,0.016
dbo,[dbo].[Audit_MitigationPatch],61508,11.695,11.305,0.297,0.094
dbo,[dbo].[audits_ports],23179,10.836,3.422,7.141,0.273
dbo,[dbo].[Asset_PBDEvent],15688,10.695,9.430,0.664,0.602
dbo,[dbo].[AuditCache],52762,9.969,4.586,4.414,0.969
dbo,[dbo].[AppAudit],76617,9.523,8.805,0.078,0.641
dbo,[dbo].[CVE_CWE],39653,8.766,3.133,5.469,0.164
pmm,[pmm].[PmmReleaseRequest],10038,6.117,2.906,2.055,1.156
dbo,[dbo].[Asset_PBDEventApplicationControl],15688,4.570,1.984,1.852,0.734
pmm,[pmm].[PmmRequestResponse],11058,3.813,2.539,0.563,0.711
dbo,[dbo].[CVEExploit],8719,3.766,2.500,1.148,0.117
dbo,[dbo].[CVEExploitParameter],17720,3.445,3.242,0.016,0.188
dbo,[dbo].[RetinaAllItemsCache],2,3.328,3.242,0.016,0.070
dbo,[dbo].[evt_pbw_20211102],575,2.820,0.172,0.336,2.313
dbo,[dbo].[Asset_PBDEventPBDRule],15686,2.711,2.461,0.031,0.219
analytics,[analytics].[Analytics_Buffer_PBD],15008,2.273,1.336,0.711,0.227
pmm,[pmm].[PmmLogRelease],11478,2.188,0.906,0.625,0.656
dbo,[dbo].[evt_pbw_20211103],549,2.164,0.156,0.242,1.766
dbo,[dbo].[evt_pbw_20211104],508,2.039,0.148,0.227,1.664
dbo,[dbo].[evt_pbw_20211107],454,1.922,0.133,0.234,1.555
dbo,[dbo].[evt_pbw_20211105],469,1.922,0.141,0.234,1.547
dbo,[dbo].[evt_pbw_20211108],507,1.906,0.148,0.219,1.539
dbo,[dbo].[evt_pbw_20211106],449,1.852,0.133,0.227,1.492
analytics,[analytics].[Analytics_Result_PBD],15283,1.547,0.859,0.359,0.328
analytics,[analytics].[Analytics_Result_PSRR],10022,1.477,0.742,0.297,0.438
pmm,[pmm].[PmmManagedAccountPassword],226,1.477,0.883,0.109,0.484
pmm,[pmm].[PmmPlatform],62,1.391,1.328,0.008,0.055
dbo,[dbo].[AppAuditDetails],10224,1.234,0.703,0.219,0.313
pmm,[pmm].[PmmTestResult],722,1.016,0.492,0.219,0.305
dbo,[dbo].[SmartParameter],608,0.969,0.688,0.117,0.164
RetinaInsight,[RetinaInsight].[AppLog],6432,0.953,0.648,0.156,0.148
dbo,[dbo].[ServiceAttribute],2898,0.938,0.141,0.578,0.219
pmm,[pmm].[PmmLogChange],243,0.867,0.523,0.180,0.164
dbo,[dbo].[Scan_Entity_Asset_IP],519,0.781,0.031,0.258,0.492
dbo,[dbo].[rules_],902,0.766,0.523,0.148,0.094
pmm,[pmm].[PmmIsaRelease],1469,0.695,0.117,0.305,0.273
dbo,[dbo].[DataExpansion],571,0.633,0.469,0.016,0.148
dbo,[dbo].[evt_general_20211106],5,0.563,0.008,0.117,0.438
dbo,[dbo].[evt_general_20211104],5,0.563,0.008,0.117,0.438
dbo,[dbo].[evt_general_20211105],5,0.563,0.008,0.117,0.438
dbo,[dbo].[evt_general_20211108],1,0.563,0.008,0.117,0.438
dbo,[dbo].[evt_general_20211107],5,0.563,0.008,0.117,0.438
dbo,[dbo].[evt_general_20211102],5,0.563,0.008,0.117,0.438
dbo,[dbo].[evt_general_20211101],5,0.563,0.008,0.117,0.438
dbo,[dbo].[evt_general_20211103],5,0.563,0.008,0.117,0.438
dbo,[dbo].[SoftwareAttribute],1160,0.539,0.133,0.281,0.125
dbo,[dbo].[UsersAttribute],1149,0.539,0.078,0.227,0.234
pmm,[pmm].[PmmOutgoingMail],384,0.531,0.281,0.070,0.180
dbo,[dbo].[spys],1404,0.516,0.422,0.078,0.016
pmm,[pmm].[PmmManagedSystem],54,0.492,0.023,0.109,0.359
pmm,[pmm].[PmmAPElement],10,0.492,0.008,0.102,0.383
dbo,[dbo].[Port],2699,0.453,0.234,0.172,0.047
pmm,[pmm].[PmmFavAccount],142,0.422,0.023,0.094,0.305
pmm,[pmm].[PmmManagedAccount],62,0.422,0.039,0.109,0.273
pmm,[pmm].[PmmFunctionalAccountPassword],43,0.414,0.094,0.070,0.250
pmm,[pmm].[PmmFunctionalAccount],2,0.352,0.008,0.070,0.273
dbo,[dbo].[Software],369,0.352,0.070,0.133,0.148
pmm,[pmm].[PmmDatabase],2,0.352,0.008,0.070,0.273
pmm,[pmm].[PmmMailRecipient],1204,0.352,0.125,0.102,0.125
dbo,[dbo].[Asset_PBDEventApplication],29,0.344,0.047,0.109,0.188
pmm,[pmm].[PmmLogMailAgent],768,0.344,0.125,0.078,0.141
dbo,[dbo].[Asset_PBDEventHasRule],10862,0.336,0.156,0.031,0.148
dbo,[dbo].[Audit_Supersedence],1026,0.328,0.086,0.141,0.102
dbo,[dbo].[CWE],159,0.328,0.188,0.023,0.117
dbo,[dbo].[IP],54,0.281,0.008,0.055,0.219
dbo,[dbo].[SmartRule],90,0.281,0.109,0.063,0.109
pmm,[pmm].[PmmAsset],51,0.281,0.008,0.055,0.219
dbo,[dbo].[Groups_Permission],1600,0.281,0.094,0.109,0.078
dbo,[dbo].[Report_Schedule],4,0.281,0.023,0.039,0.219
analytics,[analytics].[Analytics_Buffer_PSRR],333,0.273,0.047,0.063,0.164
dbo,[dbo].[ConfigurationItem],28,0.273,0.102,0.031,0.141
dbo,[dbo].[ScapProfile],549,0.266,0.227,0.016,0.023
dbo,[dbo].[ScapFile],670,0.258,0.219,0.016,0.023
dbo,[dbo].[SmartRuleElement],313,0.258,0.148,0.016,0.094
dbo,[dbo].[AppUser],74,0.211,0.031,0.047,0.133
dbo,[dbo].[Asset],53,0.211,0.016,0.047,0.148
pmm,[pmm].[PmmAPSchedule],45,0.211,0.008,0.039,0.164
pmm,[pmm].[PmmFavBoard],49,0.211,0.008,0.039,0.164
dbo,[dbo].[AuthenticationService],3,0.211,0.008,0.039,0.164
dbo,[dbo].[AuditGroup],36,0.211,0.008,0.039,0.164
pmm,[pmm].[PmmAPIApplicationFactor],6,0.211,0.008,0.039,0.164
pmm,[pmm].[PmmDssKeyRule],1,0.211,0.008,0.039,0.164
dbo,[dbo].[RetinaInfo],2,0.211,0.023,0.023,0.164
pmm,[pmm].[PmmSMSessionReview],79,0.211,0.008,0.039,0.164
pmm,[pmm].[PmmAlertEventNvp],70,0.211,0.008,0.039,0.164
pmm,[pmm].[PmmTestQueue],0,0.211,0.008,0.039,0.164
dbo,[dbo].[UserAccount],242,0.211,0.047,0.086,0.078
sch,[sch].[SchSchedule],10,0.211,0.008,0.039,0.164
pmm,[pmm].[PmmChangeQueue],25,0.211,0.008,0.039,0.164
dbo,[dbo].[RetinaScanPolicy],3,0.211,0.008,0.039,0.164
dbo,[dbo].[HardwareAttribute],52,0.211,0.016,0.063,0.133
dbo,[dbo].[Asset_IP_MacAddress],20,0.211,0.016,0.039,0.156
pmm,[pmm].[PmmDomain],1,0.211,0.008,0.039,0.164
dbo,[dbo].[vCategories_],67,0.211,0.016,0.039,0.156
analytics,[analytics].[Analytics_PSReqCache],64,0.211,0.039,0.031,0.141
dbo,[dbo].[Asset_IP_UserAccount],334,0.211,0.008,0.039,0.164
dbo,[dbo].[OSNav],5,0.211,0.008,0.039,0.164
analytics,[analytics].[Analytics_AppCache_PBD],95,0.203,0.031,0.023,0.148
dbo,[dbo].[Compliance],144,0.203,0.172,0.016,0.016
dbo,[dbo].[CPE],384,0.195,0.086,0.016,0.094
dbo,[dbo].[CVE_ExploitToolKit],1081,0.195,0.141,0.016,0.039
__Queuing,[__Queuing].[QueueItem],7,0.148,0.008,0.031,0.109
dbo,[dbo].[Asset_IP_Scan],2,0.148,0.008,0.031,0.109
dbo,[dbo].[Attribute],85,0.141,0.016,0.031,0.094
RetinaInsight,[RetinaInsight].[AssetEntityScan],3,0.141,0.008,0.023,0.109
dbo,[dbo].[Report_ExportType],283,0.141,0.008,0.023,0.109
dbo,[dbo].[Organization],1,0.141,0.008,0.023,0.109
pmm,[pmm].[PmmEmailConfig],14,0.141,0.023,0.031,0.086
dbo,[dbo].[SmartRuleManagedSystemCache],164,0.141,0.008,0.023,0.109
dbo,[dbo].[UserGroup_SmartRule],739,0.141,0.031,0.047,0.063
dbo,[dbo].[Version],1,0.141,0.008,0.023,0.109
dbo,[dbo].[Property],39,0.141,0.008,0.023,0.109
dbo,[dbo].[ColorGroup],4,0.141,0.008,0.023,0.109
dbo,[dbo].[AssetRisk],53,0.141,0.008,0.023,0.109
dbo,[dbo].[Report_Category],19,0.141,0.008,0.023,0.109
dbo,[dbo].[Scan],2,0.141,0.008,0.023,0.109
dbo,[dbo].[ThreatIndex],2,0.141,0.008,0.023,0.109
dbo,[dbo].[VAScanPolicyTarget],20,0.141,0.008,0.023,0.109
dbo,[dbo].[Share],14,0.141,0.008,0.023,0.109
dbo,[dbo].[ManagedEntity],57,0.141,0.008,0.023,0.109
dbo,[dbo].[Credential],16,0.141,0.031,0.031,0.078
pmm,[pmm].[PmmRemoteDesktopApp_PmmManagedAccount],122,0.141,0.008,0.023,0.109
dbo,[dbo].[WorkGroup],2,0.141,0.008,0.023,0.109
dbo,[dbo].[VAAddressGroup],7,0.141,0.008,0.023,0.109
dbo,[dbo].[AddressGroup],21,0.141,0.008,0.023,0.109
dbo,[dbo].[LdapFilter],2,0.141,0.008,0.023,0.109
dbo,[dbo].[Asset_IP_Port],171,0.141,0.008,0.023,0.109
dbo,[dbo].[Asset_IP],55,0.141,0.008,0.023,0.109
dbo,[dbo].[VulnerabilityAssessmentPolicy],60,0.141,0.008,0.023,0.109
pmm,[pmm].[PmmManagedSystem_DomainAccount],154,0.141,0.008,0.023,0.109
pmm,[pmm].[PmmPasswordRule],6,0.141,0.008,0.023,0.109
dbo,[dbo].[VAScanPolicy],20,0.141,0.016,0.031,0.094
dbo,[dbo].[Scan_Count],19,0.141,0.031,0.023,0.086
dbo,[dbo].[VAScanPolicy_RetinaInfo],20,0.141,0.008,0.023,0.109
dbo,[dbo].[ScapBenchmark],169,0.141,0.125,0.016,0.000
dbo,[dbo].[SmartRuleManagedAccountCache],168,0.141,0.008,0.023,0.109
dbo,[dbo].[Asset_IP_ProcessInstanceCommandLine],253,0.141,0.008,0.023,0.109
dbo,[dbo].[UserRatioCategory],2,0.141,0.008,0.023,0.109
dbo,[dbo].[Asset_IP_OperatingSystem],12,0.141,0.008,0.023,0.109
pmm,[pmm].[PmmRemoteDesktopApp],35,0.141,0.016,0.031,0.094
pmm,[pmm].[PmmLogAdmin],12,0.141,0.016,0.031,0.094
dbo,[dbo].[Lookup],210,0.141,0.016,0.023,0.102
dbo,[dbo].[ProtectionState],1,0.141,0.008,0.023,0.109
dbo,[dbo].[Service],245,0.141,0.031,0.047,0.063
sch,[sch].[SchElement],10,0.141,0.008,0.023,0.109
dbo,[dbo].[JobReport],4,0.141,0.008,0.023,0.109
dbo,[dbo].[VAPortGroup],6,0.141,0.008,0.023,0.109
dbo,[dbo].[Scanner],4,0.141,0.008,0.023,0.109
dbo,[dbo].[MacAddress],7,0.141,0.008,0.023,0.109
dbo,[dbo].[Asset_IP_OS],7,0.141,0.008,0.023,0.109
analytics,[analytics].[Analytics_Result_Asset],53,0.141,0.023,0.031,0.086
pmm,[pmm].[PmmAPIApplicationRegistrations],1,0.141,0.008,0.023,0.109
dbo,[dbo].[AppUserAuthentication],98,0.141,0.086,0.023,0.031
pmm,[pmm].[PmmConnectionProfileFilter],98,0.141,0.008,0.023,0.109
dbo,[dbo].[UserGroup],32,0.141,0.008,0.023,0.109
dbo,[dbo].[UserRatio],6,0.141,0.008,0.023,0.109
dbo,[dbo].[ProtectionPolicyGroup],2,0.141,0.008,0.023,0.109
dbo,[dbo].[HardwareType],9,0.141,0.008,0.023,0.109
plugin,[plugin].[PluginSetting],19,0.141,0.008,0.023,0.109
pbw,[pbw].[PolicyXml],1,0.141,0.070,0.008,0.063
dbo,[dbo].[Asset_IP_ProcessInstance],253,0.141,0.016,0.031,0.094
dbo,[dbo].[AccessLevel],3,0.141,0.008,0.023,0.109
dbo,[dbo].[ProtectionPolicyCategory],1,0.141,0.008,0.023,0.109
pmm,[pmm].[PmmAPIApplicationRegistrations_UserGroup],2,0.141,0.008,0.023,0.109
dbo,[dbo].[evtTableMonitor],19,0.141,0.008,0.023,0.109
dbo,[dbo].[OperatingSystem],6,0.141,0.008,0.023,0.109
dbo,[dbo].[ReportPartParameter],283,0.141,0.039,0.016,0.086
dbo,[dbo].[Asset_IP_Hardware],57,0.141,0.008,0.023,0.109
dbo,[dbo].[Type],70,0.141,0.008,0.023,0.109
dbo,[dbo].[AdCredential],1,0.141,0.008,0.023,0.109
dbo,[dbo].[Scan_EvtTable],0,0.141,0.008,0.023,0.109
pmm,[pmm].[PmmReleaseRequestSet],4,0.141,0.008,0.023,0.109
dbo,[dbo].[ProductInfo],2,0.141,0.023,0.008,0.109
dbo,[dbo].[VAPolicyOption],2249,0.133,0.063,0.016,0.055
dbo,[dbo].[Report_Delivery],0,0.078,0.016,0.008,0.055
pmm,[pmm].[PmmAlertEvent],10,0.070,0.008,0.008,0.055
dbo,[dbo].[OmniWorkerAgent],2,0.070,0.008,0.008,0.055
plugin,[plugin].[__MigrationHistory],1,0.070,0.008,0.008,0.055
dbo,[dbo].[Asset_PBDInfo],3,0.070,0.008,0.008,0.055
dbo,[dbo].[CvssMetricValues],55,0.070,0.008,0.008,0.055
dbo,[dbo].[ExportType],12,0.070,0.008,0.008,0.055
pmm,[pmm].[PmmConnectionProfile],3,0.070,0.008,0.008,0.055
dbo,[dbo].[VAPolicy_PortGroup],52,0.070,0.008,0.008,0.055
dbo,[dbo].[ReportSection],3,0.070,0.008,0.008,0.055
dbo,[dbo].[ReportPart],59,0.070,0.023,0.016,0.031
dbo,[dbo].[Asset_IP_Service],792,0.070,0.023,0.016,0.031
pmm,[pmm].[PmmManagedAccountChangeData],62,0.070,0.008,0.008,0.055
dbo,[dbo].[Asset_IP_Share],32,0.070,0.008,0.008,0.055
dbo,[dbo].[RetinaUpdateRecord],0,0.070,0.008,0.008,0.055
dbo,[dbo].[ComplianceClassification],25,0.070,0.008,0.008,0.055
dbo,[dbo].[Schedule],12,0.070,0.008,0.008,0.055
dbo,[dbo].[Asset_FileHashCache],1349,0.070,0.031,0.016,0.023
dbo,[dbo].[Asset_IP_Software],587,0.070,0.016,0.016,0.039
dbo,[dbo].[PurgingAudit],9,0.070,0.008,0.008,0.055
dbo,[dbo].[Asset_CPE],7,0.070,0.008,0.008,0.055
analytics,[analytics].[Analytics_Result_PBPS_User],36,0.070,0.008,0.008,0.055
dbo,[dbo].[ProtectionPolicyOptionSection],13,0.070,0.008,0.008,0.055
dbo,[dbo].[SmartRuleStatus],84,0.070,0.008,0.008,0.055
dbo,[dbo].[Role],9,0.070,0.008,0.008,0.055
dbo,[dbo].[LdapFilterAccountAttribute],2,0.070,0.008,0.008,0.055
dbo,[dbo].[AppUserPasswordHistory],27,0.070,0.008,0.008,0.055
pmm,[pmm].[PmmAPScheduleExtension],10,0.070,0.008,0.008,0.055
dbo,[dbo].[ProtectionPolicySectionItem],105,0.070,0.008,0.008,0.055
pbw,[pbw].[EpmProducts],4,0.070,0.008,0.008,0.055
dbo,[dbo].[ReportSettingGlobal],34,0.070,0.008,0.008,0.055
dbo,[dbo].[ProtectionPolicy],2,0.070,0.008,0.008,0.055
dbo,[dbo].[VARetinaInfo_Credential],19,0.070,0.008,0.008,0.055
dbo,[dbo].[__RefactorLog],5,0.070,0.008,0.008,0.055
dbo,[dbo].[FIMEventType],16,0.070,0.008,0.008,0.055
dbo,[dbo].[Asset_IP_RoutingEvent],88,0.070,0.016,0.016,0.039
dbo,[dbo].[VAScheduler],20,0.070,0.008,0.008,0.055
dbo,[dbo].[PropertyCategory],2,0.070,0.008,0.008,0.055
dbo,[dbo].[SmartRuleAssetCache],193,0.070,0.008,0.008,0.055
__Queuing,[__Queuing].[ScheduleRun],14,0.070,0.008,0.008,0.055
dbo,[dbo].[RoleCategory],1,0.070,0.008,0.008,0.055
dbo,[dbo].[OptionType],201,0.070,0.039,0.016,0.016
dbo,[dbo].[Asset_PBDEventHasExclusion],0,0.070,0.008,0.008,0.055
dbo,[dbo].[VARetinaInfoGlobalOption],40,0.070,0.008,0.008,0.055
dbo,[dbo].[VAScanPolicy_Report_Schedule],4,0.070,0.008,0.008,0.055
dbo,[dbo].[Application],8,0.070,0.008,0.008,0.055
dbo,[dbo].[AppUser_UserGroup],100,0.070,0.008,0.008,0.055
dbo,[dbo].[Scan_Credential],1,0.070,0.008,0.008,0.055
dbo,[dbo].[ClarityMalwareAttribute],7,0.070,0.008,0.008,0.055
pmm,[pmm].[PmmSessionMonitorAgent],2,0.070,0.008,0.008,0.055
__Queuing,[__Queuing].[Parameter],2,0.070,0.008,0.008,0.055
dbo,[dbo].[IPSubnet],14,0.070,0.008,0.008,0.055
dbo,[dbo].[PBDEventType],12,0.070,0.008,0.008,0.055
dbo,[dbo].[ScanExtensions],2,0.070,0.008,0.008,0.055
dbo,[dbo].[spy_cats],21,0.070,0.008,0.008,0.055
dbo,[dbo].[UserGroup_SmartRule_Role],68,0.070,0.008,0.008,0.055
dbo,[dbo].[VAFixAction],33,0.070,0.016,0.016,0.039
dbo,[dbo].[Report_ReportSection],191,0.070,0.008,0.008,0.055
dbo,[dbo].[AttributeType_Section],18,0.070,0.008,0.008,0.055
dbo,[dbo].[UserGroup_AddressGroup],1,0.070,0.008,0.008,0.055
pmm,[pmm].[PmmAPIApplicationFactorType],6,0.070,0.008,0.008,0.055
dbo,[dbo].[AttributeType],30,0.070,0.008,0.008,0.055
dbo,[dbo].[VAPolicy_AuditGroup],32,0.070,0.008,0.008,0.055
plugin,[plugin].[Plugin],2,0.070,0.008,0.008,0.055
dbo,[dbo].[__EFMigrationsHistory],15,0.070,0.008,0.008,0.055
dbo,[dbo].[VAAddress],23,0.070,0.008,0.008,0.055
dbo,[dbo].[PBDExclusion],122,0.070,0.023,0.016,0.031
dbo,[dbo].[ComplianceType],12,0.070,0.023,0.016,0.031
dbo,[dbo].[TypeCategory],8,0.070,0.008,0.008,0.055
dbo,[dbo].[ProtectionPolicyWinEventsSection],3,0.070,0.008,0.008,0.055
dbo,[dbo].[ConsoleAudit],9,0.070,0.016,0.016,0.039
dbo,[dbo].[ExploitToolkit],121,0.070,0.047,0.016,0.008
dbo,[dbo].[RnssEvents],35,0.070,0.008,0.008,0.055
dbo,[dbo].[OvalTestInstanceType],3,0.070,0.008,0.008,0.055
dbo,[dbo].[CVEExploitSource],6,0.070,0.008,0.008,0.055
pbw,[pbw].[Asset_PolicyAssigned],2,0.070,0.008,0.008,0.055
dbo,[dbo].[RetinaScanPolicyJobName],20,0.070,0.008,0.008,0.055
dbo,[dbo].[ProtectionPolicySection],12,0.070,0.008,0.008,0.055
pmm,[pmm].[PmmTicketSystemPlatform],5,0.070,0.008,0.008,0.055
dbo,[dbo].[ProductConfiguration],1,0.070,0.008,0.008,0.055
dbo,[dbo].[DataExpansionType],2,0.070,0.008,0.008,0.055
dbo,[dbo].[Section],105,0.070,0.008,0.008,0.055
dbo,[dbo].[CloudProviderEndpoint],44,0.070,0.008,0.008,0.055
dbo,[dbo].[ProtectionPolicyOption],16,0.070,0.008,0.008,0.055
dbo,[dbo].[Asset_Property],3,0.070,0.008,0.008,0.055
dbo,[dbo].[VAOptionSection],9,0.070,0.008,0.008,0.055
pbw,[pbw].[Asset_PolicyApplied],2,0.070,0.008,0.008,0.055
pbw,[pbw].[Policy],1,0.070,0.008,0.008,0.055
dbo,[dbo].[VADefaultPolicyOption],40,0.070,0.008,0.008,0.055
dbo,[dbo].[Asset_FailedPurge],0,0.070,0.008,0.008,0.055
dbo,[dbo].[Process],344,0.070,0.031,0.016,0.023
dbo,[dbo].[VersionHistory],4,0.070,0.008,0.008,0.055
dbo,[dbo].[ReportParameterLayout],54,0.070,0.039,0.016,0.016
dbo,[dbo].[OptionValue],185,0.070,0.031,0.016,0.023
dbo,[dbo].[DbInstance],5,0.070,0.008,0.008,0.055
pmm,[pmm].[PmmPasswordMask],1,0.070,0.008,0.008,0.055
dbo,[dbo].[ProtectionPolicyHierarchy],1,0.070,0.008,0.008,0.055
dbo,[dbo].[Nonce],0,0.070,0.008,0.016,0.047
dbo,[dbo].[Scan_AddressGroup],2,0.070,0.008,0.008,0.055
dbo,[dbo].[PbwOs],0,0.070,0.008,0.016,0.047
dbo,[dbo].[Report],170,0.070,0.055,0.016,0.000
dbo,[dbo].[RuleAction],4,0.070,0.008,0.008,0.055
dbo,[dbo].[VAOptionSectionItem],134,0.070,0.008,0.008,0.055
dbo,[dbo].[Report_ReportSection_Part],738,0.070,0.055,0.016,0.000
dbo,[dbo].[VASchedulerType],20,0.070,0.008,0.008,0.055
dbo,[dbo].[Product],1,0.070,0.008,0.008,0.055
dbo,[dbo].[PBDEventUser],58,0.070,0.016,0.016,0.039
pbw,[pbw].[PolicyAudit],18,0.070,0.008,0.008,0.055
RetinaInsight,[RetinaInsight].[AppSetting],4,0.070,0.008,0.008,0.055
dbo,[dbo].[ProtectionPolicyOptionSectionItem],250,0.070,0.016,0.016,0.039
dbo,[dbo].[Asset_PBDInfoEx],3,0.070,0.008,0.008,0.055
dbo,[dbo].[evt_neg_],0,0.000,0.000,0.000,0.000
dbo,[dbo].[ContainerAttribute],0,0.000,0.000,0.000,0.000
dbo,[dbo].[Asset_IP_Vulnerability_Rule],0,0.000,0.000,0.000,0.000
dbo,[dbo].[SoftwareCPEMapping],0,0.000,0.000,0.000,0.000
dbo,[dbo].[vulnerabilityCustom],0,0.000,0.000,0.000,0.000
dbo,[dbo].[IPRange],0,0.000,0.000,0.000,0.000
dbo,[dbo].[AppUserSetting],0,0.000,0.000,0.000,0.000
dbo,[dbo].[ContainerNormalization],0,0.000,0.000,0.000,0.000
dbo,[dbo].[StigIaControl],0,0.000,0.000,0.000,0.000
dbo,[dbo].[evt_nvp_],0,0.000,0.000,0.000,0.000
dbo,[dbo].[Asset_PBDEventAudit],0,0.000,0.000,0.000,0.000
dbo,[dbo].[PBISUserGroup],0,0.000,0.000,0.000,0.000
pbw,[pbw].[PolicyUser_PolicyApplied],0,0.000,0.000,0.000,0.000
dbo,[dbo].[ProductUpdate],0,0.000,0.000,0.000,0.000
dbo,[dbo].[OvalRule],0,0.000,0.000,0.000,0.000
dbo,[dbo].[TPCConnectorSchedule],0,0.000,0.000,0.000,0.000
dbo,[dbo].[Asset_IP_Nto],0,0.000,0.000,0.000,0.000
dbo,[dbo].[OvalDefinition],0,0.000,0.000,0.000,0.000
SM,[SM].[SMDataMouse],0,0.000,0.000,0.000,0.000
dbo,[dbo].[Scan_Diagnostics],0,0.000,0.000,0.000,0.000
dbo,[dbo].[DeploymentJobs],0,0.000,0.000,0.000,0.000
dbo,[dbo].[RuleEntityProcess],0,0.000,0.000,0.000,0.000
SM,[SM].[SMEventData],0,0.000,0.000,0.000,0.000
dbo,[dbo].[ColorGroupColor],0,0.000,0.000,0.000,0.000
dbo,[dbo].[AlertAttribute],0,0.000,0.000,0.000,0.000
SM,[SM].[SMDataKeyboard],0,0.000,0.000,0.000,0.000
dbo,[dbo].[TPCredProviderField],0,0.000,0.000,0.000,0.000
dbo,[dbo].[ScanBlackoutWindow],0,0.000,0.000,0.000,0.000
dbo,[dbo].[ServiceNowImportResult],0,0.000,0.000,0.000,0.000
dbo,[dbo].[rulesHard_],0,0.000,0.000,0.000,0.000
dbo,[dbo].[RemedyConnector],0,0.000,0.000,0.000,0.000
dbo,[dbo].[RuleAction_AttributeType],0,0.000,0.000,0.000,0.000
dbo,[dbo].[Asset_Credential],0,0.000,0.000,0.000,0.000
pblu,[pblu].[Asset_PBLUInfoEx],0,0.000,0.000,0.000,0.000
dbo,[dbo].[evt_general_20211106_nvp],0,0.000,0.000,0.000,0.000
dbo,[dbo].[Scan_Diagnostics_History],0,0.000,0.000,0.000,0.000
dbo,[dbo].[PatchUpdate],0,0.000,0.000,0.000,0.000
analytics,[analytics].[Analytics_Result_Attack],0,0.000,0.000,0.000,0.000
dbo,[dbo].[ServiceNowAssetImportConnector],0,0.000,0.000,0.000,0.000
dbo,[dbo].[OvalCriteria],0,0.000,0.000,0.000,0.000
dbo,[dbo].[DataExportItem],0,0.000,0.000,0.000,0.000
dbo,[dbo].[Asset_ScheduledTasks],0,0.000,0.000,0.000,0.000
dbo,[dbo].[Report_Schedule_History],0,0.000,0.000,0.000,0.000
dbo,[dbo].[ServiceNowTicketSystem],0,0.000,0.000,0.000,0.000
dbo,[dbo].[PolicyWorkgroup],0,0.000,0.000,0.000,0.000
dbo,[dbo].[VAScanPolicyTargetAttribute],0,0.000,0.000,0.000,0.000
logs,[logs].[ServiceLogging],0,0.000,0.000,0.000,0.000
dbo,[dbo].[EndpointConnector],0,0.000,0.000,0.000,0.000
dbo,[dbo].[AddressGroup_Attribute],0,0.000,0.000,0.000,0.000
dbo,[dbo].[PatchServer_DistributionPackage],0,0.000,0.000,0.000,0.000
dbo,[dbo].[StigReference],0,0.000,0.000,0.000,0.000
dbo,[dbo].[Rule_RuleAction],0,0.000,0.000,0.000,0.000
dbo,[dbo].[ProcessAttribute],0,0.000,0.000,0.000,0.000
dbo,[dbo].[OvalNode],0,0.000,0.000,0.000,0.000
dbo,[dbo].[VulnerabilityCustomCvss],0,0.000,0.000,0.000,0.000
dbo,[dbo].[ProtectionPolicyWinEventsOption],0,0.000,0.000,0.000,0.000
dbo,[dbo].[STIG_STIGSystemAffected],0,0.000,0.000,0.000,0.000
dbo,[dbo].[evt_general_20211107_nvp],0,0.000,0.000,0.000,0.000
dbo,[dbo].[ProtectionPolicyRuleOrder],0,0.000,0.000,0.000,0.000
dbo,[dbo].[ProtectionPolicyRule],0,0.000,0.000,0.000,0.000
tpm,[tpm].[Credential],0,0.000,0.000,0.000,0.000
analytics,[analytics].[Analytics_Buffer_Attack],0,0.000,0.000,0.000,0.000
dbo,[dbo].[TicketNote],0,0.000,0.000,0.000,0.000
analytics,[analytics].[Analytics_AppCache_PBLU],0,0.000,0.000,0.000,0.000
dbo,[dbo].[Asset_IP_Attack_Event],0,0.000,0.000,0.000,0.000
dbo,[dbo].[LoadedModule],0,0.000,0.000,0.000,0.000
tpm,[tpm].[Folder],0,0.000,0.000,0.000,0.000
dbo,[dbo].[Asset_IP_Vulnerability],0,0.000,0.000,0.000,0.000
pbw,[pbw].[PolicyUser_PolicyAssigned],0,0.000,0.000,0.000,0.000
pmm,[pmm].[PmmManagedSystem_Attribute],0,0.000,0.000,0.000,0.000
dbo,[dbo].[WsusAsset],0,0.000,0.000,0.000,0.000
dbo,[dbo].[ProtectionPolicyWinEventsOptionSource],0,0.000,0.000,0.000,0.000
dbo,[dbo].[TicketHistory],0,0.000,0.000,0.000,0.000
dbo,[dbo].[ServiceNowConnectorField],0,0.000,0.000,0.000,0.000
dbo,[dbo].[ProtectionPolicyIP],0,0.000,0.000,0.000,0.000
dbo,[dbo].[EventIP],0,0.000,0.000,0.000,0.000
dbo,[dbo].[CloudConnectionProperty],0,0.000,0.000,0.000,0.000
dbo,[dbo].[Stig],0,0.000,0.000,0.000,0.000
dbo,[dbo].[TPCredProviderCredMap],0,0.000,0.000,0.000,0.000
dbo,[dbo].[UserSSHAuthKeys],0,0.000,0.000,0.000,0.000
dbo,[dbo].[UserGroup_Application],0,0.000,0.000,0.000,0.000
dbo,[dbo].[AccessibilityAlertCache],0,0.000,0.000,0.000,0.000
dbo,[dbo].[RptAssetsFilter],0,0.000,0.000,0.000,0.000
dbo,[dbo].[ProtectionPolicyWinEventsOptionSourceValue],0,0.000,0.000,0.000,0.000
dbo,[dbo].[Asset_AppUser],0,0.000,0.000,0.000,0.000
dbo,[dbo].[VulnerabilityExclusion],0,0.000,0.000,0.000,0.000
dbo,[dbo].[Asset_IP_Alert],0,0.000,0.000,0.000,0.000
pmm,[pmm].[PmmAPIApplicationRegistrations_AppUser],0,0.000,0.000,0.000,0.000
dbo,[dbo].[PatchVendor],0,0.000,0.000,0.000,0.000
dbo,[dbo].[HostScanGroup],0,0.000,0.000,0.000,0.000
dbo,[dbo].[Asset_IISApplicationPool],0,0.000,0.000,0.000,0.000
dbo,[dbo].[PatchServer],0,0.000,0.000,0.000,0.000
dbo,[dbo].[SailPointUserMap],0,0.000,0.000,0.000,0.000
dbo,[dbo].[evt_general_20211108_nvp],0,0.000,0.000,0.000,0.000
dbo,[dbo].[PolicyUser],0,0.000,0.000,0.000,0.000
dbo,[dbo].[ScapXccdfStatusResult],0,0.000,0.000,0.000,0.000
SM,[SM].[SMData],0,0.000,0.000,0.000,0.000
pmm,[pmm].[PmmPublicKeyFingerprint],0,0.000,0.000,0.000,0.000
dbo,[dbo].[Scan_Vulnerability_NotReviewed],0,0.000,0.000,0.000,0.000
dbo,[dbo].[Asset_UserGroup],0,0.000,0.000,0.000,0.000
dbo,[dbo].[TPCConnector],0,0.000,0.000,0.000,0.000
dbo,[dbo].[ContainerAsset],0,0.000,0.000,0.000,0.000
dbo,[dbo].[AssetRiskHistory],0,0.000,0.000,0.000,0.000
dbo,[dbo].[TPC_Vulnerabilities_Exclusions],0,0.000,0.000,0.000,0.000
pblu,[pblu].[RunArgv],0,0.000,0.000,0.000,0.000
pblu,[pblu].[Asset_PBLUInfo],0,0.000,0.000,0.000,0.000
dbo,[dbo].[Ticket],0,0.000,0.000,0.000,0.000
dbo,[dbo].[ScapXccdfRuleResult],0,0.000,0.000,0.000,0.000
SM,[SM].[SMDataScreens],0,0.000,0.000,0.000,0.000
dbo,[dbo].[Asset_PBISEvent],0,0.000,0.000,0.000,0.000
dbo,[dbo].[Alert],0,0.000,0.000,0.000,0.000
analytics,[analytics].[Analytics_Buffer_PBLU],0,0.000,0.000,0.000,0.000
dbo,[dbo].[StigMAC],0,0.000,0.000,0.000,0.000
dbo,[dbo].[Asset_IP_WindowsEventLog],0,0.000,0.000,0.000,0.000
pblu,[pblu].[PBLUEvent],0,0.000,0.000,0.000,0.000
dbo,[dbo].[TicketHistoryDetail],0,0.000,0.000,0.000,0.000
dbo,[dbo].[evt_notes],0,0.000,0.000,0.000,0.000
dbo,[dbo].[RetinaInfo_Job],0,0.000,0.000,0.000,0.000
dbo,[dbo].[Audits_PBWAudits],0,0.000,0.000,0.000,0.000
dbo,[dbo].[VAScanPolicyOption],0,0.000,0.000,0.000,0.000
dbo,[dbo].[PatchDistributionPackage_VulnerabilityReferences],0,0.000,0.000,0.000,0.000
dbo,[dbo].[ServiceNowConnectorSchedule],0,0.000,0.000,0.000,0.000
dbo,[dbo].[ThreatLevel],0,0.000,0.000,0.000,0.000
pmm,[pmm].[PmmLogonAccountRef],0,0.000,0.000,0.000,0.000
dbo,[dbo].[Patch_Asset],0,0.000,0.000,0.000,0.000
dbo,[dbo].[VulnerabilityToFixMap],0,0.000,0.000,0.000,0.000
dbo,[dbo].[AppUserSCIM],0,0.000,0.000,0.000,0.000
dbo,[dbo].[RemedyConnectorField],0,0.000,0.000,0.000,0.000
dbo,[dbo].[evt_general_20211101_nvp],0,0.000,0.000,0.000,0.000
dbo,[dbo].[PatchProduct],0,0.000,0.000,0.000,0.000
dbo,[dbo].[RemediationAction],0,0.000,0.000,0.000,0.000
dbo,[dbo].[Scan_NotReachedTarget],0,0.000,0.000,0.000,0.000
dbo,[dbo].[WsusUpdateInstallationInfo],0,0.000,0.000,0.000,0.000
dbo,[dbo].[PortAttribute],0,0.000,0.000,0.000,0.000
dbo,[dbo].[evt_app_nvp_],0,0.000,0.000,0.000,0.000
dbo,[dbo].[ScanIPEntry],0,0.000,0.000,0.000,0.000
dbo,[dbo].[SmartRulePolicyUserCache],0,0.000,0.000,0.000,0.000
pmm,[pmm].[PmmManagedAccountCredentialMapping],0,0.000,0.000,0.000,0.000
dbo,[dbo].[Asset_LoadedModule],0,0.000,0.000,0.000,0.000
dbo,[dbo].[ClarityMalwareDetails],0,0.000,0.000,0.000,0.000
analytics,[analytics].[Analytics_Buffer_Vulnerability],0,0.000,0.000,0.000,0.000
dbo,[dbo].[VARetinaInfoOption],0,0.000,0.000,0.000,0.000
dbo,[dbo].[Asset_Certificates],0,0.000,0.000,0.000,0.000
dbo,[dbo].[WsusAssetCache],0,0.000,0.000,0.000,0.000
dbo,[dbo].[CloudAWS],0,0.000,0.000,0.000,0.000
dbo,[dbo].[PBISGroup],0,0.000,0.000,0.000,0.000
dbo,[dbo].[DbUser],0,0.000,0.000,0.000,0.000
dbo,[dbo].[Color],0,0.000,0.000,0.000,0.000
dbo,[dbo].[PatchDistributionPackage],0,0.000,0.000,0.000,0.000
dbo,[dbo].[ScapXccdfTestResult],0,0.000,0.000,0.000,0.000
dbo,[dbo].[CloudAzure],0,0.000,0.000,0.000,0.000
dbo,[dbo].[Stig_StigAudit],0,0.000,0.000,0.000,0.000
dbo,[dbo].[Stig_StigMAC],0,0.000,0.000,0.000,0.000
dbo,[dbo].[StigSystemAffected],0,0.000,0.000,0.000,0.000
dbo,[dbo].[OvalCriterion],0,0.000,0.000,0.000,0.000
dbo,[dbo].[CvssEnvironmentalMetrics],0,0.000,0.000,0.000,0.000
dbo,[dbo].[WsusGroup],0,0.000,0.000,0.000,0.000
dbo,[dbo].[Asset_Attribute],0,0.000,0.000,0.000,0.000
pmm,[pmm].[PmmManagedAccount_Attribute],0,0.000,0.000,0.000,0.000
dbo,[dbo].[PBISUser],0,0.000,0.000,0.000,0.000
dbo,[dbo].[RetinaInfoHostScanGroup],0,0.000,0.000,0.000,0.000
dbo,[dbo].[evt_app_],0,0.000,0.000,0.000,0.000
analytics,[analytics].[Analytics_Result_Vulnerability],0,0.000,0.000,0.000,0.000
dbo,[dbo].[Appuser_WarningMessage],0,0.000,0.000,0.000,0.000
dbo,[dbo].[TPC_Imports],0,0.000,0.000,0.000,0.000
dbo,[dbo].[TPCredProvider],0,0.000,0.000,0.000,0.000
dbo,[dbo].[Asset_IP_Vulnerability_Event],0,0.000,0.000,0.000,0.000
dbo,[dbo].[Rule_AttributeType],0,0.000,0.000,0.000,0.000
dbo,[dbo].[Scan_AddressGroup_Credential],0,0.000,0.000,0.000,0.000
dbo,[dbo].[LdapResult],0,0.000,0.000,0.000,0.000
dbo,[dbo].[VAAddressGroup_Credential],0,0.000,0.000,0.000,0.000
dbo,[dbo].[evt_windows],0,0.000,0.000,0.000,0.000
pmm,[pmm].[PmmOracleInternetDirectory],0,0.000,0.000,0.000,0.000
dbo,[dbo].[ServiceMessage],0,0.000,0.000,0.000,0.000
dbo,[dbo].[SCIMRefreshToken],0,0.000,0.000,0.000,0.000
dbo,[dbo].[WsusUpdate],0,0.000,0.000,0.000,0.000
dbo,[dbo].[AddressGroup_IPRange],0,0.000,0.000,0.000,0.000
dbo,[dbo].[DataExportMonitor],0,0.000,0.000,0.000,0.000
dbo,[dbo].[evt_general_20211105_nvp],0,0.000,0.000,0.000,0.000
dbo,[dbo].[Scan_AuditGroup],0,0.000,0.000,0.000,0.000
dbo,[dbo].[Scan_Vulnerability_Secure],0,0.000,0.000,0.000,0.000
dbo,[dbo].[CloudConnection],0,0.000,0.000,0.000,0.000
SM,[SM].[SMScreenShots],0,0.000,0.000,0.000,0.000
dbo,[dbo].[ProtectionLocation],0,0.000,0.000,0.000,0.000
dbo,[dbo].[Asset_IP_Attack],0,0.000,0.000,0.000,0.000
pmm,[pmm].[PmmManagedAccountAliasMapping],0,0.000,0.000,0.000,0.000
dbo,[dbo].[OvalTest],0,0.000,0.000,0.000,0.000
dbo,[dbo].[CloudConnectionResult],0,0.000,0.000,0.000,0.000
dbo,[dbo].[TicketAsset],0,0.000,0.000,0.000,0.000
pmm,[pmm].[PmmCloudSystem],0,0.000,0.000,0.000,0.000
dbo,[dbo].[ProtectionConditionEvents],0,0.000,0.000,0.000,0.000
dbo,[dbo].[evt_general_20211102_nvp],0,0.000,0.000,0.000,0.000
dbo,[dbo].[WsusDataImportMonitor],0,0.000,0.000,0.000,0.000
dbo,[dbo].[Stig_StigIaControl],0,0.000,0.000,0.000,0.000
dbo,[dbo].[OvalTestInstance],0,0.000,0.000,0.000,0.000
dbo,[dbo].[ServiceNowConnector],0,0.000,0.000,0.000,0.000
dbo,[dbo].[OvalExtendedDefinition],0,0.000,0.000,0.000,0.000
dbo,[dbo].[ScapXccdfReference],0,0.000,0.000,0.000,0.000
SM,[SM].[SMDataProcess],0,0.000,0.000,0.000,0.000
dbo,[dbo].[ServiceNowTicketSystemField],0,0.000,0.000,0.000,0.000
dbo,[dbo].[spys_FileHashCache],0,0.000,0.000,0.000,0.000
dbo,[dbo].[NtoAttribute],0,0.000,0.000,0.000,0.000
dbo,[dbo].[auditsDOD],0,0.000,0.000,0.000,0.000
dbo,[dbo].[ReportSettings],0,0.000,0.000,0.000,0.000
pblu,[pblu].[IOLog],0,0.000,0.000,0.000,0.000
dbo,[dbo].[ScanBlackoutWindowHours],0,0.000,0.000,0.000,0.000
dbo,[dbo].[PBISEventUser],0,0.000,0.000,0.000,0.000
dbo,[dbo].[evt_general_20211104_nvp],0,0.000,0.000,0.000,0.000
dbo,[dbo].[evt_],0,0.000,0.000,0.000,0.000
dbo,[dbo].[EndpointConnectorSchedule],0,0.000,0.000,0.000,0.000
dbo,[dbo].[Nto],0,0.000,0.000,0.000,0.000
analytics,[analytics].[Analytics_Result_PBLU],0,0.000,0.000,0.000,0.000
dbo,[dbo].[UserSSHKeys],0,0.000,0.000,0.000,0.000
dbo,[dbo].[ProtectionConditionCommandParameters],0,0.000,0.000,0.000,0.000
dbo,[dbo].[Asset_RunAsEvent],0,0.000,0.000,0.000,0.000
dbo,[dbo].[NormalizationAudit],0,0.000,0.000,0.000,0.000
dbo,[dbo].[Asset_PBDEventActiveX],0,0.000,0.000,0.000,0.000
dbo,[dbo].[AttackEventAttribute],0,0.000,0.000,0.000,0.000
pmm,[pmm].[PmmTicketSystem],0,0.000,0.000,0.000,0.000
dbo,[dbo].[ProtectionConditionCommand],0,0.000,0.000,0.000,0.000
pmm,[pmm].[PmmManagedAccountAlias],0,0.000,0.000,0.000,0.000
dbo,[dbo].[ReportSchedule_UserGroup],0,0.000,0.000,0.000,0.000
dbo,[dbo].[SmartRuleAppUserCache],0,0.000,0.000,0.000,0.000
dbo,[dbo].[VAWebScanPolicySettings],0,0.000,0.000,0.000,0.000
dbo,[dbo].[ReportSchedule_AppUser],0,0.000,0.000,0.000,0.000
SM,[SM].[SMEvents],0,0.000,0.000,0.000,0.000
dbo,[dbo].[TPC_Vulnerabilities],0,0.000,0.000,0.000,0.000
dbo,[dbo].[ProtectionCondition],0,0.000,0.000,0.000,0.000
dbo,[dbo].[RuleActionStatus],0,0.000,0.000,0.000,0.000
dbo,[dbo].[WebAssessmentOutput],0,0.000,0.000,0.000,0.000
dbo,[dbo].[RuleRem],0,0.000,0.000,0.000,0.000
dbo,[dbo].[Asset_IP_Attack_Rule],0,0.000,0.000,0.000,0.000
dbo,[dbo].[BlinkInfo],0,0.000,0.000,0.000,0.000
dbo,[dbo].[Stig_StigReference],0,0.000,0.000,0.000,0.000
dbo,[dbo].[evt_general_20211103_nvp],0,0.000,0.000,0.000,0.000
dbo,[dbo].[Event],0,0.000,0.000,0.000,0.000
